
DROP TABLE IF EXISTS `admin`;
CREATE TABLE `admin` (
  `id` int(11) NOT NULL AUTO_INCREMENT,
  `username` varchar(255) DEFAULT NULL,
  `password` varchar(255) DEFAULT NULL,
  PRIMARY KEY (`id`)
) ENGINE=InnoDB AUTO_INCREMENT=2 DEFAULT CHARSET=utf8;

INSERT INTO `admin` VALUES ('1', '1', '1');

DROP TABLE IF EXISTS `category`;
CREATE TABLE `category` (
  `id` int(11) NOT NULL AUTO_INCREMENT,
  `name` varchar(100) DEFAULT NULL COMMENT '名字',
  `intro` varchar(1024) DEFAULT NULL COMMENT '简介',
  `level` tinyint(4) DEFAULT NULL COMMENT '等级(1高级/2中级/3初级)',
  PRIMARY KEY (`id`)
) ENGINE=InnoDB AUTO_INCREMENT=16 DEFAULT CHARSET=utf8;

INSERT INTO `category` VALUES ('1', '系统分析师', '系统分析师对软件项目进行整体规划、需求分析、设计软件的核心架构、指导和领导项目开发小组进行软件开发和软件实现，并对整个项目进行全面的管理工作。\r\n', '1');
INSERT INTO `category` VALUES ('2', '系统架构设计师', '系统架构设计师是指进行数据库安装、配置、优化，根据需求进行数据的挖掘及展示；进行数据仓库方面的探索及开发的人员。架构师是由国外引进的一个概念，国外软件开发的几个职位是技术官、架构师、设计师、开发、测试，对应我们的公司应该是技术总监、架构师、系统分析员、程序员、测试人员。\r\n', '1');
INSERT INTO `category` VALUES ('3', '网络规划设计师', '网络规划设计师能够进行计算机网络领域的需求分析、规划设计、部署实施、评测、运行维护等工作。能指导制订用户的数据和网络战略规划，能指导网络工程师进行系统建设实施。\r\n', '1');
INSERT INTO `category` VALUES ('4', '系统规划与管理师', '系统规划与管理师主要在信息系统的开发工作中从事规划与管理工作。\r\n', '1');
INSERT INTO `category` VALUES ('5', '信息系统项目管理师', '信息系统项目管理师具备管理大型、复杂信息系统项目和多项目的经验和能力；能根据需求组织制订可行的项目管理计划；能够组织项目实施，对项目的人员、资金、设备、进度和质量等进行管理，并能根据实际情况及时做出调整，系统地监督项目实施过程的绩效，保证项目在一定的约束条件下达到既定的项目目标；能分析和评估项目管理计划和成果。 \r\n', '1');
INSERT INTO `category` VALUES ('6', '软件设计师', '软件设计师能根据软件开发项目管理和软件工程的要求，按照系统总体设计规格说明书进行软件设计，编写程序设计规格说明书等相应的文档；组织和指导程序员编写、调试程序，并对软件进行优化和集成测试，开发出符合系统总体设计要求的高质量软件；具有工程师的实际工作能力和业务水平。\r\n', '2');
INSERT INTO `category` VALUES ('7', '软件测评师', '软件测试工程师就是利用测试工具按照测试方案和流程对产品进行性能测试，甚至根据需要编写不同的测试工具、设计和维护测试系统，对测试方案可能出现的问题进行分析和评估，以确保软件产品的质量。 \r\n', '2');
INSERT INTO `category` VALUES ('8', '网络工程师', '网络工程师是通过学习和训练，掌握网络技术的理论知识和操作技能的网络技术人员。网络工程师能够从事计算机信息系统的设计、建设、运行和维护工作。\r\n', '2');
INSERT INTO `category` VALUES ('9', '信息系统监理师', '监理就是由建设方授权依照国家法律法规以及合同、行业标准、规范等对信息系统工程实施的监督和管理。在法律上是独立的第三方。与建设方签订委托合同。监理费用由建设方来承担。 \r\n', '2');
INSERT INTO `category` VALUES ('10', '信息安全工程师', '信息安全工程师是指遵照信息安全管理体系和标准工作，防范黑客入侵并进行分析和防范，通过运用各种安全产品和技术，设置防火墙、防病毒、IDS、PKI、攻防技术等。进行安全制度建设与安全技术规划、日常维护管理、信息安全检查与审计系统帐号管理与系统日志检查等的人员。\r\n', '2');
INSERT INTO `category` VALUES ('11', '程序员', '程序员是从事程序开发、维护的专业人员。\r\n', '3');
INSERT INTO `category` VALUES ('12', '网络管理员', '网络管理员是从事计算机网络运行、维护的人员。\r\n', '3');
INSERT INTO `category` VALUES ('13', '网页制作员', '网页制作员主要进行与网页制作相关的工作。\r\n', '3');
INSERT INTO `category` VALUES ('14', '信息处理技术员', '信息处理技术员具有计算机与信息处理的基础知识，能根据应用部门的要求，熟练使用计算机有效地、安全地进行信息处理操作，能对个人计算机系统进行日常维护。\r\n', '3');
INSERT INTO `category` VALUES ('15', '电子商务技术员', '电子商务技术员不仅应具有以上应知应会的知识和技能，还应具备参加电子商务系统规划、设计，特别是具体从事电子商务信息系统开发和运行维护工作的能力。\r\n', '3');

DROP TABLE IF EXISTS `grade`;
CREATE TABLE `grade` (
  `id` int(11) NOT NULL AUTO_INCREMENT,
  `total` int(11) DEFAULT NULL COMMENT '答题数',
  `grade` int(11) DEFAULT NULL,
  `user_id` int(11) DEFAULT NULL,
  `category_id` int(11) DEFAULT NULL,
  PRIMARY KEY (`id`)
) ENGINE=InnoDB AUTO_INCREMENT=10 DEFAULT CHARSET=utf8;

INSERT INTO `grade` VALUES ('1', '173', '757', '1', '1');
INSERT INTO `grade` VALUES ('2', '100', '700', '2', '1');
INSERT INTO `grade` VALUES ('3', '96', '600', '3', '1');
INSERT INTO `grade` VALUES ('4', '84', '500', '4', '1');
INSERT INTO `grade` VALUES ('5', '86', '400', '5', '1');
INSERT INTO `grade` VALUES ('6', '72', '300', '6', '1');
INSERT INTO `grade` VALUES ('7', '54', '200', '7', '1');
INSERT INTO `grade` VALUES ('8', '24', '100', '8', '1');
INSERT INTO `grade` VALUES ('9', '18', '50', '9', '1');

DROP TABLE IF EXISTS `question`;
CREATE TABLE `question` (
  `id` int(11) NOT NULL AUTO_INCREMENT,
  `title` varchar(1024) DEFAULT NULL COMMENT '题目',
  `option1` varchar(255) DEFAULT NULL COMMENT 'A选项',
  `option2` varchar(255) DEFAULT NULL COMMENT 'B选项',
  `option3` varchar(255) DEFAULT NULL COMMENT 'C选项',
  `option4` varchar(255) DEFAULT NULL COMMENT 'D选项',
  `result` int(11) DEFAULT NULL COMMENT '答案',
  `score` int(11) DEFAULT NULL COMMENT '分值',
  `analy` varchar(1024) DEFAULT NULL COMMENT '解析',
  `category_id` int(11) DEFAULT NULL COMMENT '类目',
  PRIMARY KEY (`id`)
) ENGINE=InnoDB AUTO_INCREMENT=175 DEFAULT CHARSET=utf8;

INSERT INTO `question` VALUES ('1', '在面向对象技术中，类属是一种______机制。', '包含多态', '参数多态', '过载多态', '强制多态', '2', '1', '在面向对象技术中，对象在收到信息后要予以响应。不同的对象收到同一消息可产生完全不同的结果，这一现象称为多态。多态有多种不同的形式，其中参数多态和包含多态称为通用多态，过载多态和强制多态成为特定多态。', '1');
INSERT INTO `question` VALUES ('2', '在面向对象技术中，一个类属类是关于一组类的一个特性抽象，它强调的是这些类的成员特征中与______的那些部分。', '具体对象无', '具体类型无关', '具体对象相关', '具体类型相关', '2', '2', '参数多态应用比较广泛，被称为最纯的多态。这是因为同一对象、函数或过程能以一致的形式用于不同的类型。包含多态最常见的例子就是子类型化，即一个类型是另一类型的子类型。过载多态是同一变量被用来表示不同的功能，通过上下文以决定一个类所代表的功能。即通过语法对不同语义的对象使用相同的名，编译能够消除这一模糊。强制多态是通过语义操作把一个变元的类型加以变换，以符合一个函数的要求，如果不做这一强制性变换将出现类型错误。类型的变换可在编译时完成，通常是隐式地进行，当然也可以在动态运行时来做。类属类(generic class)仅描述了适用于一组类型的通用样板，由于其中所处理对象的数据类型尚未确定，因而程序员不可用类属类直接创建对象实例，即一个类属类并不是一种真正的类类型。', '1');
INSERT INTO `question` VALUES ('3', '在面向对象技术中，一个类属类是关于一组类的一个特性抽象，它用变元来表示与______的那些部分。', '具体对象无', '具体类型无关', '具体对象相关', '具体类型相关', '4', '3', '类属类必须经过实例化后才能成为可创建对象实例的类类型。类属类的实例化是指用某一数据类型替代类属类的类型参数。类属类定义中给出的类型参数称为形式类属参数，类属类实例化时给出的类型参数称为实际类属参数。如果类属类实例化的实际类属参数可以是任何类型，那么这种类属类称为无约束类属类。然而在某些情况下，类属类可能要求实际类属参数必须具有某些特殊的性质，以使得在类属类中可应用某些特殊操作，这种类属类称为受约束类属类。', '1');
INSERT INTO `question` VALUES ('4', '内存按字节编址，地址从A4000H到CBFFFH，共有______字节。', '80K', '96K', '160K', '192K', '3', '1', '内存地址从A4000H到CBFFFH共有160×1024个存储单元，而内存是按字节编址，故该内存共有160×1024个字节。现要用存储容量为32×1024×8bit的存储器芯片构成该内存，则共需(160×1024×8bit)/(32×1024×8bit)=5片。', '1');
INSERT INTO `question` VALUES ('5', '内存按字节编址，地址从A4000H到CBFFFH，若用存储容量为 32K×8bit的存储器芯片构成该内存，至少需要______片。', '2', '5', '8', '10', '2', '2', '内存地址从A4000H到CBFFFH共有160×1024个存储单元，而内存是按字节编址，故该内存共有160×1024个字节。现要用存储容量为32×1024×8bit的存储器芯片构成该内存，则共需(160×1024×8bit)/(32×1024×8bit)=5片。', '1');
INSERT INTO `question` VALUES ('6', '中断响应时间是指______。', '从中断处理开始到中断处理结束所用的时间', '从发出中断请求到中断处理结束所用的时间', '从发出中断请求到进入中断处理所用的时间', '从中断处理结束到再次中断请求的时间', '3', '3', '中断响应时间是这样定义的，即从发出中断请求到进入中断处理所用的时间。', '1');
INSERT INTO `question` VALUES ('7', '在计算机中，最适合进行数字加减运算的数字编码是______。', '原码', '反码', '补码', '移码', '3', '1', '在计算机的CPU中，通常只设置硬件加法器。只有补码能够将减法转化为加法，故用硬件加法器可以较方便地进行数字加减法。', '1');
INSERT INTO `question` VALUES ('8', '在计算机中，最适合表示浮点数阶码的数字编码是______。', '原码', '反码', '补码', '移码', '4', '2', '由于正数的移码大于负数的移码，利用这一特点，移码被广泛用来表示浮点数阶码的数字编码，这可以用比较阶码的大小来实现真值大小的比较。', '1');
INSERT INTO `question` VALUES ('9', '如果主存容量为16M字节，且按字节编址，表示该主存地址至少应需要______位。', '16', '20', '24', '32', '3', '3', '用二进制编码表示地址，16M字节地址最少需要24位。', '1');
INSERT INTO `question` VALUES ('10', '阵列处理机属于 ______计算机。', 'SISD', 'SIMD', 'MISD', 'MIMD', '2', '1', '', '1');
INSERT INTO `question` VALUES ('11', '采用______不能将多个处理机互联构成多处理机系统。', 'STD总线', '交叉开关', 'PCI总线', 'Centronic总线', '4', '2', '', '1');
INSERT INTO `question` VALUES ('12', '某计算机系统的可靠性结构是如下图所示的双重申并联结构，若所构成系统的每个部件的可靠度均为0.9，即R=0.9，则该系统的可靠度为______。', '1', '0.928', '0.964', '0.656', '3', '3', '风险曝光度=风险损失×风险概率＝1 000 000×0.5%＝5000(元)', '1');
INSERT INTO `question` VALUES ('13', '两个同符号的数相加或异符号的数相减，所得结果的符号位SF和进位标志CF进行______运算为1时，表示运算的结果产生溢出。', '与', '或', '与非', '异或', '4', '1', '见公共试题Ⅱ(1)。', '1');
INSERT INTO `question` VALUES ('14', '若浮点数的阶码用移码表示，尾数用补码表示。两规格化浮点数相乘，最后对结果规格化时，右规的右移位数最多为______位。', '1', '2', '尾数位数', '尾数位数-1', '1', '2', '', '1');
INSERT INTO `question` VALUES ('15', '高速缓存cache与主存间采用全相联地址映像方式，高速缓存的容量为4MB，分为 4块，每块1MB，主存容量为256MB。 若主存读写时间为30ns，高速缓存的读写时间为3ns，平均读写时间为3.27ns，则该高速缓存的命中率为 (3)%。若地址变换表如下所示，则主存地址为8888888H时，高速缓存地址为______H。', '90', '95', '97', '99', '4', '3', '', '1');
INSERT INTO `question` VALUES ('16', '若内存按字节编址，用存储容量为32K×8比特的存储器芯片构成地址编号 A0000H～DFFFFH的内存空间，则至少需要______片。', '4', '6', '8', '10', '3', '1', '本题考查内存容量的计算。给定起、止地址码的内存容量=终止地址-起始地址+1。将终止地址加1等于E0000H，再减去起始地址，即E0000H-A0000H=40000H。十六进制的(40000)16=218。组成内存储器的芯片数量=内存储器的容量/单个芯片的容量。218/(32*210)=218/215=23。', '1');
INSERT INTO `question` VALUES ('17', '某计算机系统由下图所示的部件构成，假定每个部件的千小时可靠度R均为0.9，则该系统的千小时可靠度约为______。', '0.882', '0.951', '0.9', '0.99', '1', '2', '本题考查系统可靠度的概念。串联部件的可靠度=各部件的可靠度的乘积。并联部件的可靠度=1-部件失效率的乘积。题目中给出的系统由三个部件串联组成，其中第二、第三部件又分别由两个部件并联构成，因此整个系统的可靠度为0.9×(1-(1-0.9)×(1-0.9))×(1-(1-0.9)×(1-0.9)≈0.882', '1');
INSERT INTO `question` VALUES ('18', '设指令由取指、分析、执行3个子部件完成，每个子部件的工作周期均为△t，采用常规标量单流水线处理机。若连续执行10条指令，则共需时间______△t。', '8', '10', '12', '14', '3', '3', '本题考查指令流水的概念。顺序执行时，每条指令都需三步才能执行完，没有重叠。采用常规标量单流水线处理机连续执行10条指令的时空图如下图所示：由时空图可知，从第二个时间单位之后，各子部件开始完全并行。此后每个△t都能完成一条指令，所以连续执行10条指令后，则共需时间为2+10=12△t。', '1');
INSERT INTO `question` VALUES ('19', '______不属于计算机控制器中的部件。', '指令寄存器IR', '程序计数器PC', '算术逻辑单元ALU', '程序状态字寄存器PSW', '3', '1', '本题考查的是计算机系统硬件方面的基础知识。构成计算机控制器的硬件主要有指令寄存器IR、程序计数器PC、程序状态字寄存器PSW、时序部件和微操作形成部件等。而算术逻辑单元ALU不是构成控制器的部件。', '1');
INSERT INTO `question` VALUES ('20', '在CPU与主存之间设置高速缓冲存储器(Cache)，其目的是为了______。', '扩大主存的存储容量', '提高CPU对主存的访问效率', '既扩大主存容量又提高存取速度', '提高外存储器的速度', '2', '2', '为了提高CPU对主存的存取速度，又不至于增加很大的成本。现在，通常在CPU与主存之间设置高速缓冲存储器(Cache)，其目的就在于提高速度而不增加很大代价。同时，设置高速缓冲存储器并不能增加主存的容量。', '1');
INSERT INTO `question` VALUES ('21', '下面的描述中，______不是RISC设计应遵循的设计原则。', '指令条数应少一些', '寻址方式尽可能少', '采用变长指令，功能复杂的指令长度长而简单指令长度短', '设计尽可能多的通用寄存器', '3', '3', '本题考查的是计算机系统硬件方面的基础知识。在设计RISC时，需要遵循如下一些基本的原则。①指令条数少，一般为几十条指令。②寻址方式尽可能少。③采用等长指令，不管功能复杂的指令还是简单的指令，均用同一长度④设计尽可能多的通用寄存器。因此，采用变长指令，功能复杂的指令长度长而简单指令长度短不是应采用的设计原则。', '1');
INSERT INTO `question` VALUES ('22', '在指令系统的各种寻址方式中，获取操作数最快的方式是______。', '直接寻址', '立即寻址', '寄存器寻址', '间接寻址', '2', '1', '本题考查的是计算机系统方面的基础知识。根据指令的寻址方式的定义，操作数包含在指令中的寻址方式是立即寻址；操作数在寄存器中的寻址方式是寄存器寻址；操作数的地址存放在寄存器中的寻址方式是寄存器间接寻址。', '1');
INSERT INTO `question` VALUES ('23', '在指令系统的各种寻址方式中，若操作数的地址包含在指令中，则属于______方式。', '直接寻址', '立即寻址', '寄存器寻址', '间接寻址', '1', '2', '本题考查的是计算机系统方面的基础知识。根据指令的寻址方式的定义，操作数包含在指令中的寻址方式是立即寻址；操作数在寄存器中的寻址方式是寄存器寻址；操作数的地址存放在寄存器中的寻址方式是寄存器间接寻址。', '1');
INSERT INTO `question` VALUES ('24', '系统响应时间和作业吞吐量是衡量计算机系统性能的重要指标。对于一个持续处理业务的系统而言，______，表明其性能越好。', '响应时间越短，作业吞吐量越小', '响应时间越短，作业吞吐量越大', '响应时间越长，作业吞吐量越大', '响应时间不会影响作业吞吐量', '2', '3', '本题考查的是计算机系统方面的基础知识。系统响应时间是指用户发出完整请求到系统完成任务给出响应的时间间隔。作业吞吐量是指单位时间内系统完成的任务量。若一个给定系统持续地收到用户提交的任务请求，则系统的响应时间将对作业吞吐量造成一定影响。若每个任务的响应时间越短，则系统的空闲资源较多，整个系统在单位时间内完成的任务量将越大；反之，若响应时间越长，则系统的空闲资源较少，整个系统在单位时间内完成的任务量将越小。', '1');
INSERT INTO `question` VALUES ('25', '在计算机体系结构中，CPU内部包括程序计数器PC、存储器数据寄存器MDR、指令寄存器IR和存储器地址寄存器MAR等。若CPU要执行的指令为：MOV R0，#100 (即将数值100传送到寄存器R0中)，则CPU首先要完成的操作是______。', '100→R0', '100→MDR', 'PC→MAR', 'PC→IP', '3', '1', '本题考查计算机基本工作原理。CPU中的程序计数器PC用于保存要执行的指令的地址，访问内存时，需先将内存地址送入存储器地址寄存罪MAR中，向内存写入数据时，待写入的数据要先放入数据寄存器MDR。程序中的指令一般放在内存中，要执行时，首先要访问内存取得指令并保存在指令寄存器IR中。计算机中指令的执行过程一般分为取指令、分析指令并获取操作数、运算和传送结果等阶段，每条指令被执行时都要经过这几个阶段。若CPU要执行的指令为：MOV R0， #100(即将数值100传送到寄存器R0中)，则CPU首先要完成的操作是将要执行的指令的地址送入程序计数器PC，访问内存以获取指令。', '1');
INSERT INTO `question` VALUES ('26', '现有四级指令流水线，分别完成取指、取数、运算、传送结果4步操作。若完成上述操作的时间依次为9ns、10ns、6ns、8ns，则流水线的操作周期应设计为______ns。', '6', '8', '9', '10', '4', '2', '本题考查计算机流水线基本工作原理。流水线的基本原理是把一个重复的过程分解为若干个子过程，前一个子过程为下一个子过程创造执行条件，每一个过程可以与其他子过程同时进行。流水线各段执行时间最长的那段为楚个流水线的瓶颈，一般地，将其执行时间称为流水线的周期。', '1');
INSERT INTO `question` VALUES ('27', '内存按字节编址，地址从90000H到CFFFFH，若用存储容量为16KB×8bit的存储器芯片构成该内存，至少需要______片。', '2', '3', '8', '16', '4', '3', '本题考查计算机中的存储部件组成。内存按字节编址，地址从90000H到CFFFFH时，存储单元数为CFFFFH-90000H= 3FFFFH，即218B。若存储芯片的容量为16K×8bit，则需218/16KB=24个芯片组成该内存。', '1');
INSERT INTO `question` VALUES ('28', '计算机内存一般分为静态数据区、代码区、栈区和堆区，若某指令的操作数之一采用立即数寻址方式，则该操作数位于______。 ', '静态数据区', '代码区', '栈区', '堆区', '2', '1', '运行时为名字分配存储空间的过程称为绑定。静态数据区用于存放一对一的绑定且编译时就可确定存储空间大小的数据，栈用于存放一对多的绑定且与活动同生存期的绑定；堆用于存储由程序语句动态生成和撤销的数据。　　程序运行时，需要将程序代码(机器指令序列)和代码所操作的数据加载至内存。指令代码加载至代码区，数据则根据绑定关系可能位于静态数据区、栈或堆区。　　立即数寻址方式是指指令所需的操作数由指令的地址码部分直接给出，其特点是取指令时同时取出操作数，以提高指令的执行速度。', '1');
INSERT INTO `question` VALUES ('29', '计算机在进行浮点数的相加(减)运算之前先进行对阶操作，若x的阶码大于y的阶码，则应将______。', 'x的阶码缩小至与y的阶码相同，且使x的尾数部分进行算术左移', 'x的阶码缩小至与y的阶码相同，且使x的尾数部分进行算术右移', 'y的阶码扩大至与x的阶码相同，且使y的尾数部分进行算术左移', 'y的阶码扩大至与x的阶码相同，且使y的尾数部分进行算术右移', '4', '2', '浮点数的表示由阶和尾数两部分组成，其一般表示形式如下所示(不同系统的具体安排可能不同)，阶码通常为带符号的纯整数，尾数为带符号的纯小数。设有浮点数X＝M×2i，Y＝N×2j，求X±Y的运算过程如下。　　①对阶：使两个数的阶码相同。令K＝|i-j|，将阶码小的数的尾数右移K位，使其阶码加上K。　　②求尾数和(差)。　　③结果规格化并判溢出：若运算结果所得的尾数不是规格化的数，则需要进行规格化处理。当尾数溢出时，需要调整阶码。　　④舍入：在对结果右规时，尾数的最低位将因移出而丢掉。另外，在对阶过程中也会将尾数右移使最低位丢掉。这就需要进行舍入处理，以求得最小的运算误差。', '1');
INSERT INTO `question` VALUES ('30', '在CPU中， ______可用于传送和暂存用户数据，为ALU执行算术逻辑运算提供工作区。', '程序计数器', '累加寄存器', '程序状态寄存器', '地址寄存器', '2', '3', '本题考查寄存器的类型和特点。寄存器是CPU中的一个重要组成部分，它是CPU内部的临时存储单元。寄存器既可以用来存放数据和地址，也可以存放控制信息或CPU工作时的状态。在CPU中增加寄存器的数量，可以使CPU把执行程序时所需的数据尽可能地放在寄存器件中，从而减少访问内存的次数，提高其运行速度。但是，寄存器的数目也不能太多，除了增加成本外，由于寄存器地址编码增加也会相对增加指令的长度。CPU中的寄存器通常分为存放数据的寄存器、存放地址的寄存器、存放控制信息的寄存器、存放状态信息的寄存器和其他寄存器等类型。程序计数器用于存放指令的地址。令当程序顺序执行时，每取出一条指令，PC内容自动增加一个值，指向下一条要取的指令。当程序出现转移时，则将转移地址送入PC，然后由PC指向新的程序地址。程序状态寄存器用于记录运算中产生的标志信息，典型的标志为有进位标志位、零标志位、符号标志位、溢出标志位和奇偶标志等。地址寄存器包括程序计数器、堆栈指示器、变址寄存器和段地址寄存器等，用于记录各种内存地址。累加寄存器是一个数据寄存器，在运算过程中暂时存放被操作数和中间运算结果，累加器不能用于长时间地保存一个数据。', '1');
INSERT INTO `question` VALUES ('31', '海明校验码是在n个数据位之外增k个校验位，从而形成一个k+n位的新的码字，使新的码字的码距比较均匀地拉大。n与k的关系是______。 ', '2k-1≥n+k', '2n-1≤n+k', 'n=k', 'n-1≤k', '1', '1', '本题考查校验码方面的基础知识。海明码是一种多重(复式)奇偶检错编码。它将信息用逻辑形式编码，以便能够检错和纠错。用在海明码中的全部传输码字是由原来的信息和附加的奇偶校验位组成的。每一个这种奇偶位被编在传输码字的特定位置上。', '1');
INSERT INTO `question` VALUES ('32', '假设某硬盘由5个盘片构成(共有8个记录面)，盘面有效记录区域的外直径为30cm，内直径为10cm，记录位密度为250位/mm，磁道密度为16道/mm，每磁道分16个扇区，每扇区512字节，则该硬盘的格式化容量约为______MB。', '(8*(30-10)*10*250*16)/(8*1024*1024)', '(8*(30-10)*10*16*16*512)/(2*1024*1024)', '(8*(30-10)*10*250*16*16)/(8*1024*1024)', '(8*(30-10)*10*16*512)/(2*1024*1024)', '2', '2', '本题考查计算机系统硬件方面磁盘容量的计算。硬盘容量分为非格式化容量和格式化容量两种，计算公式如下：非格式化容量=面数×(磁道数/面)×内圆周长×最大位密度格式化容量=面数×(磁道数/面)×(扇区数/道)×(字节数/扇区)', '1');
INSERT INTO `question` VALUES ('33', '______是指按内容访问的存储器。', '虚拟存储器', '相联存储器', '高速缓存(Cache)', '随机访问存储器', '2', '3', '本题考查计算机系统存储器方面的基础知识。计算机系统的存储器按所处的位置可分为内存和外存。按构成存储器的材料可分为磁存储器、半导体存储器和光存储器。按存储器的工作方式可分为读写存储器和只读存储器。按访问方式可分为按地址访问的存储器和按内容访问的存储器。按寻址方式可分为随机存储器、顺序存储器和直接存储器。相联存储器是一种按内容访问的存储器。', '1');
INSERT INTO `question` VALUES ('34', '以下关于CPU的叙述中，错误的是______。', 'CPU产生每条指令的操作信号并将操作信号送往相应的部件进行控制', '程序计数器PC除了存放指令地址，也可以临时存储算术/逻辑运算结果', 'CPU中的控制器决定计算机运行过程的自动化', '指令译码器是CPU控制器中的部件', '2', '1', '本题考查计算机硬件组成基础知识。CPU是计算机的控制中心，主要由运算器、控制器、寄存器组和内部总线等部件组成。控制器由程序计数器、指令寄存器、指令译码器、时序产生器和操作控制器组成，它是发布命令的“决策机构”，即完成协调和指挥整个计算机系统的操作。它的主要功能有：从内存中取出一条指令，并指出下一条指令在内存中的位置；对指令进行译码或测试，并产生相应的操作控制信号，以便启动规定的动作；指挥并控制CPU、内存和输入输出设备之间数据的流动。程序计数器(PC)是专用寄存器，具有寄存信息和计数两种功能，又称为指令计数器，在程序开始执行前，将程序的起始地址送入PC，该地址在程序加载到内存时确定，因此PC的初始内容即是程序第一条指令的地址。执行指令时，CPU将自动修改PC的内容，以便使其保持的总是将要执行的下一条指令的地址。由于大多数指令都是按顺序执行的，因此修改的过程通常只是简单地对PC加1。当遇到转移指令时，后继指令的地址根据当前指令的地址加上一个向前或向后转移的位移量得到，或者根据转移指令给出的直接转移的地址得到。', '1');
INSERT INTO `question` VALUES ('35', '以下关于CISC(Complex Instruction Set Computer，复杂指令集计算机)和RISC (Reduced Instruction Set Computer，精简指令集计算机)的叙述中，错误的是______。', '在CISC中，其复杂指令都采用硬布线逻辑来执行', '采用CISC技术的CPU，其芯片设计复杂度更高', '在RISC中，更适合采用硬布线逻辑执行指令', '采用RISC技术，指令系统中的指令种类和寻址方式更少', '1', '2', '本题考查指令系统和计算机体系结构基础知识。CISC(Complex Instruction Set Computer，复杂指令集计算机)的基本思想是：进一步增强原有指令的功能，用更为复杂的新指令取代原先由软件子程序完成的功能，实现软件功能的硬件化，导致机器的指令系统越来越庞大而复杂。CISC计算机一般所含的指令数目至少300条以上，有的甚至超过500条。RISC(Reduced Instruction Set Computer，精简指令集计算机)的基本思想是：通过减少指令总数和简化指令功能，降低硬件设计的复杂度，使指令能单周期执行，并通过优化编译提高指令的执行速度，采用硬布线控制逻辑优化编译程序。在20世纪70年代末开始兴起，导致机器的指令系统进一步精炼而简单。', '1');
INSERT INTO `question` VALUES ('36', '浮点数的一般表示形式为N=2E×F，其中E为阶码，F为尾数。以下关于浮点表示的叙述中，错误的是 (3)。', '阶码的长度决定浮点表示的范围，尾数的长度决定浮点表示的精度', '工业标准IEEE754浮点数格式中阶码采用移码、尾数采用原码表示', '规格化指的是阶码采用移码、尾数采用补码', '规格化表示要求将尾数的绝对值限定在区间[0.5，1)', '3', '3', '本题考查数据表示基础知识。为了提高运算的精度，需要充分地利用尾数的有效数位，通常采取浮点数规格化形式，即规定尾数的最高数位必须是一个有效值，即1/2≤F＜1。在尾数用补码表示时，规格化浮点数应满足尾数最高数位与符号位不同，即当1/2≤F＜1时，应有0.1××…×形式；当-1≤M＜-1/2时，应有1.0××…×形式。', '1');
INSERT INTO `question` VALUES ('37', '为实现程序指令的顺序执行，CPU______中的值将自动加1。 ', '指令寄存器(IR)', '程序计数器(PC)', '地址寄存器(AR)', '指令译码器(ID)', '2', '1', '本题考查CPU中相关寄存器的基础知识。指令寄存器(IR)用来保存当前正在执行的指令。当执行一条指令时，先把它从内存取到数据寄存器(DR)中，然后再传送至IR。为了执行任何给定的指令，必须埘操作码进行测试，以便识别所要求的操作。指令译码器(ID)就是做这项工作的。指令寄存器中操作码字段的输出就是指令译码器的输入。操作码一经译码后，即可向操作控制器发出具体操作的特定信号。地址寄存器(AR)用来保存当前CPU所访问的内存单元的地址。由于在内存和CPU之问存在着操作速度上的差别，所以必须使用地址寄存器米保持地址信息，直到内存的读/写操作完成为止。为了保证程序指令能够连续地执行下去，CPU必须具有某些手段来确定下一条指令的地址。而程序计数器正起到这种作用，所以通常又称为指令计数器。在程序丌始执行前，必须将它的起始地址，即程序的一条指令所在的内存单元地址送入PC，因此程序计数器(PC)的内容即是从内存提取的第一条指令的地址。当执行指令时，CPU将自动修改PC的内容，即每执行一条指令PC增加一个量，这个量等于指令所含的字节数，以便使其保持的总是将要执行的下一条指令的地址。由于大多数指令都是按顺序来执行的，所以修改的过程通常只是简单的对PC加1。', '1');
INSERT INTO `question` VALUES ('38', '某计算机系统由下图所示的部件构成，假定每个部件的千小时可靠度都为尺，则该系统的千小时可靠度为______。', 'R+2R/4', 'R+R2/4', 'R(1-(1-R)2)', 'R(1-(1-R)2)2', '4', '2', '本题考查系统可靠性方面的基础知识。由子系统构成串联系统时，其中任何一个子系统失效就足以使系统失效，其可靠度等于各子系统可靠度的乘积；构成并联系统时，只要有一个子系统正常工作，系统就能正常工作。设每个子系统的可靠性分别以R1，R2，…，RN表示，则整个系统的可靠度由下式来求得：R=1-(1-R1)(1-R2)…(1-RN)因此，本系统的可靠度为R(1-(1-R)2)2。', '1');
INSERT INTO `question` VALUES ('39', '以下关于计算机系统中断概念的叙述中，正确的是______。 ', '由I/O设备提出的中断请求和电源掉电都是可屏蔽中断', '由I/O设备提出的中断请求和电源掉电都是不可屏蔽中断', '由I/O设备提出的中断请求是可屏蔽中断，电源掉电是不可屏蔽中断', '由I/0设备提出的中断请求是不可屏蔽中断，电源掉电是可屏蔽中断', '4', '3', '本题考查中断基础知识。按照是否可以被屏蔽，可将中断分为两大类：不可屏蔽中断(又叫非屏蔽中断)和可屏蔽中断。不可屏蔽中断源一旦提出请求，CPU必须无条件响应，而对可屏蔽中断源的请求，CPU可以响应，也可以不响应。典型的非屏蔽中断源的例子是电源掉电，一旦出现，必须立即无条件地响应，否则进行其他任何工作都是没有意义的。典型的可屏蔽中断源的例子是打印机中断，CPU对打印机中断请求的响应可以快一些，也可以慢一些，因为让打印机等待是完全可以的。对于软中断，它不受中断允许标志位(IF位)的影响，所以属于非屏蔽中断范畴。', '1');
INSERT INTO `question` VALUES ('40', '与A♁B等价的逻辑表达式是______。(♁表示逻辑异或，+表示逻辑加)', 'A+B', 'A♁B', 'AB+AB', 'AB♁AB', '2', '1', '本题考查逻辑运算基础知识。', '1');
INSERT INTO `question` VALUES ('41', '计算机指令一般包括操作码和地址码两部分，为分析执行一条指令，其______。', '操作码应存入指令寄存器(IR)，地址码应存入程序计数器(PC)', '操作码应存入程序计数器(PC)，地址码应存入指令寄存器(IR)', '操作码和地址码都应存入指令寄存器(IR)', '操作码和地址码都应存入程序计数器(PC)', '3', '2', '本题考查指令系统基础知识。程序被加载到内存后开始运行，当CPU执行一条指令时，先把它从内存储器取到缓冲寄存器DR中，再送入IR暂存，指令译码器根据IR的内容产生各种微操作指令，控制其他的组成部件工作，完成所需的功能。', '1');
INSERT INTO `question` VALUES ('42', '关于64位和32位微处理器，不能以2倍关系描述的是______。 ', '通用寄存器的位数', '数据总线的宽度', '运算速度', '能同时进行运算的位数', '3', '1', '本题考查计算机系统基础知识。计算机系统的运算速度受多种因素的影响，64位微处理器可同时对64位数据进行运算，但不能说其速度是32位微处理器的2倍。', '1');
INSERT INTO `question` VALUES ('43', 'Outlook Express作为邮件代理软件有诸多优点，以下说法中，错误的是______。 ', '可以脱机处理邮件', '可以管理多个邮件账号', '可以使用通讯簿存储和检索电子邮件地址', '不能发送和接收安全邮件', '4', '2', 'Outlook Express有以下些优点：·可以脱机处理邮件，有效利用联机时间，降低了上网费用。·可以管理多个邮件账号，在同一个窗口中使用多个邮件账号。·可以使用通讯簿存储和检索电子邮件地址。·在邮件中添加个人签名或信纸。·发送和接收安全邮件。', '1');
INSERT INTO `question` VALUES ('44', '杀毒软件报告发现病毒Macro.Melissa，由该病毒名称可以推断病毒类型是 (8)，这类病毒主要感染目标是Word或Excel文件。', '文件型', '引导型', '目录型', '宏病毒', '4', '3', '本题考查计算机病毒方面的基础知识。计算机病毒的分类方法有许多种，按照最通用的区分方式，即根据其感染的途径以及采用的技术区分，计算机病毒可分为文件型计算机病毒、引导型计算机病毒、宏病毒和目录型计算机病毒。', '1');
INSERT INTO `question` VALUES ('45', '杀毒软件报告发现病毒Macro.Melissa，由该病毒名称可以推断病毒类型是宏病毒，这类病毒主要感染目标是 (9)。', 'EXE或COM可执行文件', 'Word或Excel文件', 'DLL系统文件', '磁盘引导区', '2', '1', '文件型计算机病毒感染可执行文件(包括EXE和COM文件)。引导型计算机病毒影响软盘或硬盘的引导扇区。', '1');
INSERT INTO `question` VALUES ('46', '两个以上的申请人分别就相同内容的计算机程序的发明创造，先后向国务院专利行政部门提出申请，______可以获得专利申请权。 ', '所有申请人均', '先申请人', '先使用人', '先发明人', '2', '2', '本题考查知识产权基本知识，即专利管理部门授予专利权的基本原则。我国授予专利权采用先申请原则，即两个以上的申请人分别就同一项发明创造申请专利权的，专利权授予最先申请的人。如果两个以上申请人在同一日分别就同样的发明创造申请专利的，应当在收到专利行政管理部门的通知后自行协商确定申请人。如果协商不成，专利局将驳回所有申请人的申请，即所有申请人均不能取得专利权。所以，先申请人可以获得专利申请权。', '1');
INSERT INTO `question` VALUES ('47', '为实现程序指令的顺序执行，CPU______中的值将自动加1。 ', '指令寄存器(IR)', '程序计数器(PC)', '地址寄存器(AR)', '指令译码器(ID)', '2', '1', '本题考查CPU中相关寄存器的基础知识。指令寄存器(IR)用来保存当前正在执行的指令。当执行一条指令时，先把它从内存取到数据寄存器(DR)中，然后再传送至IR。为了执行任何给定的指令，必须埘操作码进行测试，以便识别所要求的操作。指令译码器(ID)就是做这项工作的。指令寄存器中操作码字段的输出就是指令译码器的输入。操作码一经译码后，即可向操作控制器发出具体操作的特定信号。地址寄存器(AR)用来保存当前CPU所访问的内存单元的地址。由于在内存和CPU之问存在着操作速度上的差别，所以必须使用地址寄存器米保持地址信息，直到内存的读/写操作完成为止。为了保证程序指令能够连续地执行下去，CPU必须具有某些手段来确定下一条指令的地址。而程序计数器正起到这种作用，所以通常又称为指令计数器。在程序丌始执行前，必须将它的起始地址，即程序的一条指令所在的内存单元地址送入PC，因此程序计数器(PC)的内容即是从内存提取的第一条指令的地址。当执行指令时，CPU将自动修改PC的内容，即每执行一条指令PC增加一个量，这个量等于指令所含的字节数，以便使其保持的总是将要执行的下一条指令的地址。由于大多数指令都是按顺序来执行的，所以修改的过程通常只是简单的对PC加1。', '1');
INSERT INTO `question` VALUES ('48', '某计算机系统由下图所示的部件构成，假定每个部件的千小时可靠度都为尺，则该系统的千小时可靠度为______。', 'R+2R/4', 'R+R2/4', 'R(1-(1-R)2)', 'R(1-(1-R)2)2', '4', '2', '本题考查系统可靠性方面的基础知识。由子系统构成串联系统时，其中任何一个子系统失效就足以使系统失效，其可靠度等于各子系统可靠度的乘积；构成并联系统时，只要有一个子系统正常工作，系统就能正常工作。设每个子系统的可靠性分别以R1，R2，…，RN表示，则整个系统的可靠度由下式来求得：R=1-(1-R1)(1-R2)…(1-RN)因此，本系统的可靠度为R(1-(1-R)2)2。', '1');
INSERT INTO `question` VALUES ('49', '以下关于计算机系统中断概念的叙述中，正确的是______。 ', '由I/O设备提出的中断请求和电源掉电都是可屏蔽中断', '由I/O设备提出的中断请求和电源掉电都是不可屏蔽中断', '由I/O设备提出的中断请求是可屏蔽中断，电源掉电是不可屏蔽中断', '由I/0设备提出的中断请求是不可屏蔽中断，电源掉电是可屏蔽中断', '4', '3', '本题考查中断基础知识。按照是否可以被屏蔽，可将中断分为两大类：不可屏蔽中断(又叫非屏蔽中断)和可屏蔽中断。不可屏蔽中断源一旦提出请求，CPU必须无条件响应，而对可屏蔽中断源的请求，CPU可以响应，也可以不响应。典型的非屏蔽中断源的例子是电源掉电，一旦出现，必须立即无条件地响应，否则进行其他任何工作都是没有意义的。典型的可屏蔽中断源的例子是打印机中断，CPU对打印机中断请求的响应可以快一些，也可以慢一些，因为让打印机等待是完全可以的。对于软中断，它不受中断允许标志位(IF位)的影响，所以属于非屏蔽中断范畴。', '1');
INSERT INTO `question` VALUES ('50', '与A♁B等价的逻辑表达式是______。(♁表示逻辑异或，+表示逻辑加)', 'A+B', 'A♁B', 'AB+AB', 'AB♁AB', '2', '1', '本题考查逻辑运算基础知识。', '1');
INSERT INTO `question` VALUES ('51', '计算机指令一般包括操作码和地址码两部分，为分析执行一条指令，其______。', '操作码应存入指令寄存器(IR)，地址码应存入程序计数器(PC)', '操作码应存入程序计数器(PC)，地址码应存入指令寄存器(IR)', '操作码和地址码都应存入指令寄存器(IR)', '操作码和地址码都应存入程序计数器(PC)', '3', '2', '本题考查指令系统基础知识。程序被加载到内存后开始运行，当CPU执行一条指令时，先把它从内存储器取到缓冲寄存器DR中，再送入IR暂存，指令译码器根据IR的内容产生各种微操作指令，控制其他的组成部件工作，完成所需的功能。', '1');
INSERT INTO `question` VALUES ('52', '关于64位和32位微处理器，不能以2倍关系描述的是______。 ', '通用寄存器的位数', '数据总线的宽度', '运算速度', '能同时进行运算的位数', '3', '1', '本题考查计算机系统基础知识。计算机系统的运算速度受多种因素的影响，64位微处理器可同时对64位数据进行运算，但不能说其速度是32位微处理器的2倍。', '1');
INSERT INTO `question` VALUES ('53', 'Outlook Express作为邮件代理软件有诸多优点，以下说法中，错误的是______。 ', '可以脱机处理邮件', '可以管理多个邮件账号', '可以使用通讯簿存储和检索电子邮件地址', '不能发送和接收安全邮件', '4', '2', 'Outlook Express有以下些优点：·可以脱机处理邮件，有效利用联机时间，降低了上网费用。·可以管理多个邮件账号，在同一个窗口中使用多个邮件账号。·可以使用通讯簿存储和检索电子邮件地址。·在邮件中添加个人签名或信纸。·发送和接收安全邮件。', '1');
INSERT INTO `question` VALUES ('54', '杀毒软件报告发现病毒Macro.Melissa，由该病毒名称可以推断病毒类型是 (8)，这类病毒主要感染目标是Word或Excel文件。', '文件型', '引导型', '目录型', '宏病毒', '4', '3', '本题考查计算机病毒方面的基础知识。计算机病毒的分类方法有许多种，按照最通用的区分方式，即根据其感染的途径以及采用的技术区分，计算机病毒可分为文件型计算机病毒、引导型计算机病毒、宏病毒和目录型计算机病毒。', '1');
INSERT INTO `question` VALUES ('55', '杀毒软件报告发现病毒Macro.Melissa，由该病毒名称可以推断病毒类型是宏病毒，这类病毒主要感染目标是 (9)。', 'EXE或COM可执行文件', 'Word或Excel文件', 'DLL系统文件', '磁盘引导区', '2', '1', '文件型计算机病毒感染可执行文件(包括EXE和COM文件)。引导型计算机病毒影响软盘或硬盘的引导扇区。', '1');
INSERT INTO `question` VALUES ('56', '两个以上的申请人分别就相同内容的计算机程序的发明创造，先后向国务院专利行政部门提出申请，______可以获得专利申请权。 ', '所有申请人均', '先申请人', '先使用人', '先发明人', '2', '2', '本题考查知识产权基本知识，即专利管理部门授予专利权的基本原则。我国授予专利权采用先申请原则，即两个以上的申请人分别就同一项发明创造申请专利权的，专利权授予最先申请的人。如果两个以上申请人在同一日分别就同样的发明创造申请专利的，应当在收到专利行政管理部门的通知后自行协商确定申请人。如果协商不成，专利局将驳回所有申请人的申请，即所有申请人均不能取得专利权。所以，先申请人可以获得专利申请权。', '1');
INSERT INTO `question` VALUES ('57', '为实现程序指令的顺序执行，CPU______中的值将自动加1。 ', '指令寄存器(IR)', '程序计数器(PC)', '地址寄存器(AR)', '指令译码器(ID)', '2', '1', '本题考查CPU中相关寄存器的基础知识。指令寄存器(IR)用来保存当前正在执行的指令。当执行一条指令时，先把它从内存取到数据寄存器(DR)中，然后再传送至IR。为了执行任何给定的指令，必须埘操作码进行测试，以便识别所要求的操作。指令译码器(ID)就是做这项工作的。指令寄存器中操作码字段的输出就是指令译码器的输入。操作码一经译码后，即可向操作控制器发出具体操作的特定信号。地址寄存器(AR)用来保存当前CPU所访问的内存单元的地址。由于在内存和CPU之问存在着操作速度上的差别，所以必须使用地址寄存器米保持地址信息，直到内存的读/写操作完成为止。为了保证程序指令能够连续地执行下去，CPU必须具有某些手段来确定下一条指令的地址。而程序计数器正起到这种作用，所以通常又称为指令计数器。在程序丌始执行前，必须将它的起始地址，即程序的一条指令所在的内存单元地址送入PC，因此程序计数器(PC)的内容即是从内存提取的第一条指令的地址。当执行指令时，CPU将自动修改PC的内容，即每执行一条指令PC增加一个量，这个量等于指令所含的字节数，以便使其保持的总是将要执行的下一条指令的地址。由于大多数指令都是按顺序来执行的，所以修改的过程通常只是简单的对PC加1。', '1');
INSERT INTO `question` VALUES ('58', '某计算机系统由下图所示的部件构成，假定每个部件的千小时可靠度都为尺，则该系统的千小时可靠度为______。', 'R+2R/4', 'R+R2/4', 'R(1-(1-R)2)', 'R(1-(1-R)2)2', '4', '2', '本题考查系统可靠性方面的基础知识。由子系统构成串联系统时，其中任何一个子系统失效就足以使系统失效，其可靠度等于各子系统可靠度的乘积；构成并联系统时，只要有一个子系统正常工作，系统就能正常工作。设每个子系统的可靠性分别以R1，R2，…，RN表示，则整个系统的可靠度由下式来求得：R=1-(1-R1)(1-R2)…(1-RN)因此，本系统的可靠度为R(1-(1-R)2)2。', '1');
INSERT INTO `question` VALUES ('59', '以下关于计算机系统中断概念的叙述中，正确的是______。 ', '由I/O设备提出的中断请求和电源掉电都是可屏蔽中断', '由I/O设备提出的中断请求和电源掉电都是不可屏蔽中断', '由I/O设备提出的中断请求是可屏蔽中断，电源掉电是不可屏蔽中断', '由I/0设备提出的中断请求是不可屏蔽中断，电源掉电是可屏蔽中断', '4', '3', '本题考查中断基础知识。按照是否可以被屏蔽，可将中断分为两大类：不可屏蔽中断(又叫非屏蔽中断)和可屏蔽中断。不可屏蔽中断源一旦提出请求，CPU必须无条件响应，而对可屏蔽中断源的请求，CPU可以响应，也可以不响应。典型的非屏蔽中断源的例子是电源掉电，一旦出现，必须立即无条件地响应，否则进行其他任何工作都是没有意义的。典型的可屏蔽中断源的例子是打印机中断，CPU对打印机中断请求的响应可以快一些，也可以慢一些，因为让打印机等待是完全可以的。对于软中断，它不受中断允许标志位(IF位)的影响，所以属于非屏蔽中断范畴。', '1');
INSERT INTO `question` VALUES ('60', '与A♁B等价的逻辑表达式是______。(♁表示逻辑异或，+表示逻辑加)', 'A+B', 'A♁B', 'AB+AB', 'AB♁AB', '2', '1', '本题考查逻辑运算基础知识。', '1');
INSERT INTO `question` VALUES ('61', '计算机指令一般包括操作码和地址码两部分，为分析执行一条指令，其______。', '操作码应存入指令寄存器(IR)，地址码应存入程序计数器(PC)', '操作码应存入程序计数器(PC)，地址码应存入指令寄存器(IR)', '操作码和地址码都应存入指令寄存器(IR)', '操作码和地址码都应存入程序计数器(PC)', '3', '2', '本题考查指令系统基础知识。程序被加载到内存后开始运行，当CPU执行一条指令时，先把它从内存储器取到缓冲寄存器DR中，再送入IR暂存，指令译码器根据IR的内容产生各种微操作指令，控制其他的组成部件工作，完成所需的功能。', '1');
INSERT INTO `question` VALUES ('62', '关于64位和32位微处理器，不能以2倍关系描述的是______。 ', '通用寄存器的位数', '数据总线的宽度', '运算速度', '能同时进行运算的位数', '3', '1', '本题考查计算机系统基础知识。计算机系统的运算速度受多种因素的影响，64位微处理器可同时对64位数据进行运算，但不能说其速度是32位微处理器的2倍。', '1');
INSERT INTO `question` VALUES ('63', 'Outlook Express作为邮件代理软件有诸多优点，以下说法中，错误的是______。 ', '可以脱机处理邮件', '可以管理多个邮件账号', '可以使用通讯簿存储和检索电子邮件地址', '不能发送和接收安全邮件', '4', '2', 'Outlook Express有以下些优点：·可以脱机处理邮件，有效利用联机时间，降低了上网费用。·可以管理多个邮件账号，在同一个窗口中使用多个邮件账号。·可以使用通讯簿存储和检索电子邮件地址。·在邮件中添加个人签名或信纸。·发送和接收安全邮件。', '1');
INSERT INTO `question` VALUES ('64', '杀毒软件报告发现病毒Macro.Melissa，由该病毒名称可以推断病毒类型是 (8)，这类病毒主要感染目标是Word或Excel文件。', '文件型', '引导型', '目录型', '宏病毒', '4', '3', '本题考查计算机病毒方面的基础知识。计算机病毒的分类方法有许多种，按照最通用的区分方式，即根据其感染的途径以及采用的技术区分，计算机病毒可分为文件型计算机病毒、引导型计算机病毒、宏病毒和目录型计算机病毒。', '1');
INSERT INTO `question` VALUES ('65', '杀毒软件报告发现病毒Macro.Melissa，由该病毒名称可以推断病毒类型是宏病毒，这类病毒主要感染目标是 (9)。', 'EXE或COM可执行文件', 'Word或Excel文件', 'DLL系统文件', '磁盘引导区', '2', '1', '文件型计算机病毒感染可执行文件(包括EXE和COM文件)。引导型计算机病毒影响软盘或硬盘的引导扇区。', '1');
INSERT INTO `question` VALUES ('66', '两个以上的申请人分别就相同内容的计算机程序的发明创造，先后向国务院专利行政部门提出申请，______可以获得专利申请权。 ', '所有申请人均', '先申请人', '先使用人', '先发明人', '2', '2', '本题考查知识产权基本知识，即专利管理部门授予专利权的基本原则。我国授予专利权采用先申请原则，即两个以上的申请人分别就同一项发明创造申请专利权的，专利权授予最先申请的人。如果两个以上申请人在同一日分别就同样的发明创造申请专利的，应当在收到专利行政管理部门的通知后自行协商确定申请人。如果协商不成，专利局将驳回所有申请人的申请，即所有申请人均不能取得专利权。所以，先申请人可以获得专利申请权。', '1');
INSERT INTO `question` VALUES ('67', '为实现程序指令的顺序执行，CPU______中的值将自动加1。 ', '指令寄存器(IR)', '程序计数器(PC)', '地址寄存器(AR)', '指令译码器(ID)', '2', '1', '本题考查CPU中相关寄存器的基础知识。指令寄存器(IR)用来保存当前正在执行的指令。当执行一条指令时，先把它从内存取到数据寄存器(DR)中，然后再传送至IR。为了执行任何给定的指令，必须埘操作码进行测试，以便识别所要求的操作。指令译码器(ID)就是做这项工作的。指令寄存器中操作码字段的输出就是指令译码器的输入。操作码一经译码后，即可向操作控制器发出具体操作的特定信号。地址寄存器(AR)用来保存当前CPU所访问的内存单元的地址。由于在内存和CPU之问存在着操作速度上的差别，所以必须使用地址寄存器米保持地址信息，直到内存的读/写操作完成为止。为了保证程序指令能够连续地执行下去，CPU必须具有某些手段来确定下一条指令的地址。而程序计数器正起到这种作用，所以通常又称为指令计数器。在程序丌始执行前，必须将它的起始地址，即程序的一条指令所在的内存单元地址送入PC，因此程序计数器(PC)的内容即是从内存提取的第一条指令的地址。当执行指令时，CPU将自动修改PC的内容，即每执行一条指令PC增加一个量，这个量等于指令所含的字节数，以便使其保持的总是将要执行的下一条指令的地址。由于大多数指令都是按顺序来执行的，所以修改的过程通常只是简单的对PC加1。', '1');
INSERT INTO `question` VALUES ('68', '某计算机系统由下图所示的部件构成，假定每个部件的千小时可靠度都为尺，则该系统的千小时可靠度为______。', 'R+2R/4', 'R+R2/4', 'R(1-(1-R)2)', 'R(1-(1-R)2)2', '4', '2', '本题考查系统可靠性方面的基础知识。由子系统构成串联系统时，其中任何一个子系统失效就足以使系统失效，其可靠度等于各子系统可靠度的乘积；构成并联系统时，只要有一个子系统正常工作，系统就能正常工作。设每个子系统的可靠性分别以R1，R2，…，RN表示，则整个系统的可靠度由下式来求得：R=1-(1-R1)(1-R2)…(1-RN)因此，本系统的可靠度为R(1-(1-R)2)2。', '1');
INSERT INTO `question` VALUES ('69', '以下关于计算机系统中断概念的叙述中，正确的是______。 ', '由I/O设备提出的中断请求和电源掉电都是可屏蔽中断', '由I/O设备提出的中断请求和电源掉电都是不可屏蔽中断', '由I/O设备提出的中断请求是可屏蔽中断，电源掉电是不可屏蔽中断', '由I/0设备提出的中断请求是不可屏蔽中断，电源掉电是可屏蔽中断', '4', '3', '本题考查中断基础知识。按照是否可以被屏蔽，可将中断分为两大类：不可屏蔽中断(又叫非屏蔽中断)和可屏蔽中断。不可屏蔽中断源一旦提出请求，CPU必须无条件响应，而对可屏蔽中断源的请求，CPU可以响应，也可以不响应。典型的非屏蔽中断源的例子是电源掉电，一旦出现，必须立即无条件地响应，否则进行其他任何工作都是没有意义的。典型的可屏蔽中断源的例子是打印机中断，CPU对打印机中断请求的响应可以快一些，也可以慢一些，因为让打印机等待是完全可以的。对于软中断，它不受中断允许标志位(IF位)的影响，所以属于非屏蔽中断范畴。', '1');
INSERT INTO `question` VALUES ('70', '与A♁B等价的逻辑表达式是______。(♁表示逻辑异或，+表示逻辑加)', 'A+B', 'A♁B', 'AB+AB', 'AB♁AB', '2', '1', '本题考查逻辑运算基础知识。', '1');
INSERT INTO `question` VALUES ('71', '计算机指令一般包括操作码和地址码两部分，为分析执行一条指令，其______。', '操作码应存入指令寄存器(IR)，地址码应存入程序计数器(PC)', '操作码应存入程序计数器(PC)，地址码应存入指令寄存器(IR)', '操作码和地址码都应存入指令寄存器(IR)', '操作码和地址码都应存入程序计数器(PC)', '3', '2', '本题考查指令系统基础知识。程序被加载到内存后开始运行，当CPU执行一条指令时，先把它从内存储器取到缓冲寄存器DR中，再送入IR暂存，指令译码器根据IR的内容产生各种微操作指令，控制其他的组成部件工作，完成所需的功能。', '1');
INSERT INTO `question` VALUES ('72', '关于64位和32位微处理器，不能以2倍关系描述的是______。 ', '通用寄存器的位数', '数据总线的宽度', '运算速度', '能同时进行运算的位数', '3', '1', '本题考查计算机系统基础知识。计算机系统的运算速度受多种因素的影响，64位微处理器可同时对64位数据进行运算，但不能说其速度是32位微处理器的2倍。', '1');
INSERT INTO `question` VALUES ('73', 'Outlook Express作为邮件代理软件有诸多优点，以下说法中，错误的是______。 ', '可以脱机处理邮件', '可以管理多个邮件账号', '可以使用通讯簿存储和检索电子邮件地址', '不能发送和接收安全邮件', '4', '2', 'Outlook Express有以下些优点：·可以脱机处理邮件，有效利用联机时间，降低了上网费用。·可以管理多个邮件账号，在同一个窗口中使用多个邮件账号。·可以使用通讯簿存储和检索电子邮件地址。·在邮件中添加个人签名或信纸。·发送和接收安全邮件。', '1');
INSERT INTO `question` VALUES ('74', '杀毒软件报告发现病毒Macro.Melissa，由该病毒名称可以推断病毒类型是 (8)，这类病毒主要感染目标是Word或Excel文件。', '文件型', '引导型', '目录型', '宏病毒', '4', '3', '本题考查计算机病毒方面的基础知识。计算机病毒的分类方法有许多种，按照最通用的区分方式，即根据其感染的途径以及采用的技术区分，计算机病毒可分为文件型计算机病毒、引导型计算机病毒、宏病毒和目录型计算机病毒。', '1');
INSERT INTO `question` VALUES ('75', '杀毒软件报告发现病毒Macro.Melissa，由该病毒名称可以推断病毒类型是宏病毒，这类病毒主要感染目标是 (9)。', 'EXE或COM可执行文件', 'Word或Excel文件', 'DLL系统文件', '磁盘引导区', '2', '1', '文件型计算机病毒感染可执行文件(包括EXE和COM文件)。引导型计算机病毒影响软盘或硬盘的引导扇区。', '1');
INSERT INTO `question` VALUES ('76', '两个以上的申请人分别就相同内容的计算机程序的发明创造，先后向国务院专利行政部门提出申请，______可以获得专利申请权。 ', '所有申请人均', '先申请人', '先使用人', '先发明人', '2', '2', '本题考查知识产权基本知识，即专利管理部门授予专利权的基本原则。我国授予专利权采用先申请原则，即两个以上的申请人分别就同一项发明创造申请专利权的，专利权授予最先申请的人。如果两个以上申请人在同一日分别就同样的发明创造申请专利的，应当在收到专利行政管理部门的通知后自行协商确定申请人。如果协商不成，专利局将驳回所有申请人的申请，即所有申请人均不能取得专利权。所以，先申请人可以获得专利申请权。', '1');
INSERT INTO `question` VALUES ('77', '为实现程序指令的顺序执行，CPU______中的值将自动加1。 ', '指令寄存器(IR)', '程序计数器(PC)', '地址寄存器(AR)', '指令译码器(ID)', '2', '1', '本题考查CPU中相关寄存器的基础知识。指令寄存器(IR)用来保存当前正在执行的指令。当执行一条指令时，先把它从内存取到数据寄存器(DR)中，然后再传送至IR。为了执行任何给定的指令，必须埘操作码进行测试，以便识别所要求的操作。指令译码器(ID)就是做这项工作的。指令寄存器中操作码字段的输出就是指令译码器的输入。操作码一经译码后，即可向操作控制器发出具体操作的特定信号。地址寄存器(AR)用来保存当前CPU所访问的内存单元的地址。由于在内存和CPU之问存在着操作速度上的差别，所以必须使用地址寄存器米保持地址信息，直到内存的读/写操作完成为止。为了保证程序指令能够连续地执行下去，CPU必须具有某些手段来确定下一条指令的地址。而程序计数器正起到这种作用，所以通常又称为指令计数器。在程序丌始执行前，必须将它的起始地址，即程序的一条指令所在的内存单元地址送入PC，因此程序计数器(PC)的内容即是从内存提取的第一条指令的地址。当执行指令时，CPU将自动修改PC的内容，即每执行一条指令PC增加一个量，这个量等于指令所含的字节数，以便使其保持的总是将要执行的下一条指令的地址。由于大多数指令都是按顺序来执行的，所以修改的过程通常只是简单的对PC加1。', '1');
INSERT INTO `question` VALUES ('78', '某计算机系统由下图所示的部件构成，假定每个部件的千小时可靠度都为尺，则该系统的千小时可靠度为______。', 'R+2R/4', 'R+R2/4', 'R(1-(1-R)2)', 'R(1-(1-R)2)2', '4', '2', '本题考查系统可靠性方面的基础知识。由子系统构成串联系统时，其中任何一个子系统失效就足以使系统失效，其可靠度等于各子系统可靠度的乘积；构成并联系统时，只要有一个子系统正常工作，系统就能正常工作。设每个子系统的可靠性分别以R1，R2，…，RN表示，则整个系统的可靠度由下式来求得：R=1-(1-R1)(1-R2)…(1-RN)因此，本系统的可靠度为R(1-(1-R)2)2。', '1');
INSERT INTO `question` VALUES ('79', '以下关于计算机系统中断概念的叙述中，正确的是______。 ', '由I/O设备提出的中断请求和电源掉电都是可屏蔽中断', '由I/O设备提出的中断请求和电源掉电都是不可屏蔽中断', '由I/O设备提出的中断请求是可屏蔽中断，电源掉电是不可屏蔽中断', '由I/0设备提出的中断请求是不可屏蔽中断，电源掉电是可屏蔽中断', '4', '3', '本题考查中断基础知识。按照是否可以被屏蔽，可将中断分为两大类：不可屏蔽中断(又叫非屏蔽中断)和可屏蔽中断。不可屏蔽中断源一旦提出请求，CPU必须无条件响应，而对可屏蔽中断源的请求，CPU可以响应，也可以不响应。典型的非屏蔽中断源的例子是电源掉电，一旦出现，必须立即无条件地响应，否则进行其他任何工作都是没有意义的。典型的可屏蔽中断源的例子是打印机中断，CPU对打印机中断请求的响应可以快一些，也可以慢一些，因为让打印机等待是完全可以的。对于软中断，它不受中断允许标志位(IF位)的影响，所以属于非屏蔽中断范畴。', '1');
INSERT INTO `question` VALUES ('80', '与A♁B等价的逻辑表达式是______。(♁表示逻辑异或，+表示逻辑加)', 'A+B', 'A♁B', 'AB+AB', 'AB♁AB', '2', '1', '本题考查逻辑运算基础知识。', '1');
INSERT INTO `question` VALUES ('81', '计算机指令一般包括操作码和地址码两部分，为分析执行一条指令，其______。', '操作码应存入指令寄存器(IR)，地址码应存入程序计数器(PC)', '操作码应存入程序计数器(PC)，地址码应存入指令寄存器(IR)', '操作码和地址码都应存入指令寄存器(IR)', '操作码和地址码都应存入程序计数器(PC)', '3', '2', '本题考查指令系统基础知识。程序被加载到内存后开始运行，当CPU执行一条指令时，先把它从内存储器取到缓冲寄存器DR中，再送入IR暂存，指令译码器根据IR的内容产生各种微操作指令，控制其他的组成部件工作，完成所需的功能。', '1');
INSERT INTO `question` VALUES ('82', '关于64位和32位微处理器，不能以2倍关系描述的是______。 ', '通用寄存器的位数', '数据总线的宽度', '运算速度', '能同时进行运算的位数', '3', '1', '本题考查计算机系统基础知识。计算机系统的运算速度受多种因素的影响，64位微处理器可同时对64位数据进行运算，但不能说其速度是32位微处理器的2倍。', '1');
INSERT INTO `question` VALUES ('83', 'Outlook Express作为邮件代理软件有诸多优点，以下说法中，错误的是______。 ', '可以脱机处理邮件', '可以管理多个邮件账号', '可以使用通讯簿存储和检索电子邮件地址', '不能发送和接收安全邮件', '4', '2', 'Outlook Express有以下些优点：·可以脱机处理邮件，有效利用联机时间，降低了上网费用。·可以管理多个邮件账号，在同一个窗口中使用多个邮件账号。·可以使用通讯簿存储和检索电子邮件地址。·在邮件中添加个人签名或信纸。·发送和接收安全邮件。', '1');
INSERT INTO `question` VALUES ('84', '杀毒软件报告发现病毒Macro.Melissa，由该病毒名称可以推断病毒类型是 (8)，这类病毒主要感染目标是Word或Excel文件。', '文件型', '引导型', '目录型', '宏病毒', '4', '3', '本题考查计算机病毒方面的基础知识。计算机病毒的分类方法有许多种，按照最通用的区分方式，即根据其感染的途径以及采用的技术区分，计算机病毒可分为文件型计算机病毒、引导型计算机病毒、宏病毒和目录型计算机病毒。', '1');
INSERT INTO `question` VALUES ('85', '杀毒软件报告发现病毒Macro.Melissa，由该病毒名称可以推断病毒类型是宏病毒，这类病毒主要感染目标是 (9)。', 'EXE或COM可执行文件', 'Word或Excel文件', 'DLL系统文件', '磁盘引导区', '2', '1', '文件型计算机病毒感染可执行文件(包括EXE和COM文件)。引导型计算机病毒影响软盘或硬盘的引导扇区。', '1');
INSERT INTO `question` VALUES ('86', '两个以上的申请人分别就相同内容的计算机程序的发明创造，先后向国务院专利行政部门提出申请，______可以获得专利申请权。 ', '所有申请人均', '先申请人', '先使用人', '先发明人', '2', '2', '本题考查知识产权基本知识，即专利管理部门授予专利权的基本原则。我国授予专利权采用先申请原则，即两个以上的申请人分别就同一项发明创造申请专利权的，专利权授予最先申请的人。如果两个以上申请人在同一日分别就同样的发明创造申请专利的，应当在收到专利行政管理部门的通知后自行协商确定申请人。如果协商不成，专利局将驳回所有申请人的申请，即所有申请人均不能取得专利权。所以，先申请人可以获得专利申请权。', '1');
INSERT INTO `question` VALUES ('87', '为实现程序指令的顺序执行，CPU______中的值将自动加1。 ', '指令寄存器(IR)', '程序计数器(PC)', '地址寄存器(AR)', '指令译码器(ID)', '2', '1', '本题考查CPU中相关寄存器的基础知识。指令寄存器(IR)用来保存当前正在执行的指令。当执行一条指令时，先把它从内存取到数据寄存器(DR)中，然后再传送至IR。为了执行任何给定的指令，必须埘操作码进行测试，以便识别所要求的操作。指令译码器(ID)就是做这项工作的。指令寄存器中操作码字段的输出就是指令译码器的输入。操作码一经译码后，即可向操作控制器发出具体操作的特定信号。地址寄存器(AR)用来保存当前CPU所访问的内存单元的地址。由于在内存和CPU之问存在着操作速度上的差别，所以必须使用地址寄存器米保持地址信息，直到内存的读/写操作完成为止。为了保证程序指令能够连续地执行下去，CPU必须具有某些手段来确定下一条指令的地址。而程序计数器正起到这种作用，所以通常又称为指令计数器。在程序丌始执行前，必须将它的起始地址，即程序的一条指令所在的内存单元地址送入PC，因此程序计数器(PC)的内容即是从内存提取的第一条指令的地址。当执行指令时，CPU将自动修改PC的内容，即每执行一条指令PC增加一个量，这个量等于指令所含的字节数，以便使其保持的总是将要执行的下一条指令的地址。由于大多数指令都是按顺序来执行的，所以修改的过程通常只是简单的对PC加1。', '1');
INSERT INTO `question` VALUES ('88', '某计算机系统由下图所示的部件构成，假定每个部件的千小时可靠度都为尺，则该系统的千小时可靠度为______。', 'R+2R/4', 'R+R2/4', 'R(1-(1-R)2)', 'R(1-(1-R)2)2', '4', '2', '本题考查系统可靠性方面的基础知识。由子系统构成串联系统时，其中任何一个子系统失效就足以使系统失效，其可靠度等于各子系统可靠度的乘积；构成并联系统时，只要有一个子系统正常工作，系统就能正常工作。设每个子系统的可靠性分别以R1，R2，…，RN表示，则整个系统的可靠度由下式来求得：R=1-(1-R1)(1-R2)…(1-RN)因此，本系统的可靠度为R(1-(1-R)2)2。', '1');
INSERT INTO `question` VALUES ('89', '以下关于计算机系统中断概念的叙述中，正确的是______。 ', '由I/O设备提出的中断请求和电源掉电都是可屏蔽中断', '由I/O设备提出的中断请求和电源掉电都是不可屏蔽中断', '由I/O设备提出的中断请求是可屏蔽中断，电源掉电是不可屏蔽中断', '由I/0设备提出的中断请求是不可屏蔽中断，电源掉电是可屏蔽中断', '4', '3', '本题考查中断基础知识。按照是否可以被屏蔽，可将中断分为两大类：不可屏蔽中断(又叫非屏蔽中断)和可屏蔽中断。不可屏蔽中断源一旦提出请求，CPU必须无条件响应，而对可屏蔽中断源的请求，CPU可以响应，也可以不响应。典型的非屏蔽中断源的例子是电源掉电，一旦出现，必须立即无条件地响应，否则进行其他任何工作都是没有意义的。典型的可屏蔽中断源的例子是打印机中断，CPU对打印机中断请求的响应可以快一些，也可以慢一些，因为让打印机等待是完全可以的。对于软中断，它不受中断允许标志位(IF位)的影响，所以属于非屏蔽中断范畴。', '1');
INSERT INTO `question` VALUES ('90', '与A♁B等价的逻辑表达式是______。(♁表示逻辑异或，+表示逻辑加)', 'A+B', 'A♁B', 'AB+AB', 'AB♁AB', '2', '1', '本题考查逻辑运算基础知识。', '1');
INSERT INTO `question` VALUES ('91', '计算机指令一般包括操作码和地址码两部分，为分析执行一条指令，其______。', '操作码应存入指令寄存器(IR)，地址码应存入程序计数器(PC)', '操作码应存入程序计数器(PC)，地址码应存入指令寄存器(IR)', '操作码和地址码都应存入指令寄存器(IR)', '操作码和地址码都应存入程序计数器(PC)', '3', '2', '本题考查指令系统基础知识。程序被加载到内存后开始运行，当CPU执行一条指令时，先把它从内存储器取到缓冲寄存器DR中，再送入IR暂存，指令译码器根据IR的内容产生各种微操作指令，控制其他的组成部件工作，完成所需的功能。', '1');
INSERT INTO `question` VALUES ('92', '关于64位和32位微处理器，不能以2倍关系描述的是______。 ', '通用寄存器的位数', '数据总线的宽度', '运算速度', '能同时进行运算的位数', '3', '1', '本题考查计算机系统基础知识。计算机系统的运算速度受多种因素的影响，64位微处理器可同时对64位数据进行运算，但不能说其速度是32位微处理器的2倍。', '1');
INSERT INTO `question` VALUES ('93', 'Outlook Express作为邮件代理软件有诸多优点，以下说法中，错误的是______。 ', '可以脱机处理邮件', '可以管理多个邮件账号', '可以使用通讯簿存储和检索电子邮件地址', '不能发送和接收安全邮件', '4', '2', 'Outlook Express有以下些优点：·可以脱机处理邮件，有效利用联机时间，降低了上网费用。·可以管理多个邮件账号，在同一个窗口中使用多个邮件账号。·可以使用通讯簿存储和检索电子邮件地址。·在邮件中添加个人签名或信纸。·发送和接收安全邮件。', '1');
INSERT INTO `question` VALUES ('94', '杀毒软件报告发现病毒Macro.Melissa，由该病毒名称可以推断病毒类型是 (8)，这类病毒主要感染目标是Word或Excel文件。', '文件型', '引导型', '目录型', '宏病毒', '4', '3', '本题考查计算机病毒方面的基础知识。计算机病毒的分类方法有许多种，按照最通用的区分方式，即根据其感染的途径以及采用的技术区分，计算机病毒可分为文件型计算机病毒、引导型计算机病毒、宏病毒和目录型计算机病毒。', '1');
INSERT INTO `question` VALUES ('95', '杀毒软件报告发现病毒Macro.Melissa，由该病毒名称可以推断病毒类型是宏病毒，这类病毒主要感染目标是 (9)。', 'EXE或COM可执行文件', 'Word或Excel文件', 'DLL系统文件', '磁盘引导区', '2', '1', '文件型计算机病毒感染可执行文件(包括EXE和COM文件)。引导型计算机病毒影响软盘或硬盘的引导扇区。', '1');
INSERT INTO `question` VALUES ('96', '两个以上的申请人分别就相同内容的计算机程序的发明创造，先后向国务院专利行政部门提出申请，______可以获得专利申请权。 ', '所有申请人均', '先申请人', '先使用人', '先发明人', '2', '2', '本题考查知识产权基本知识，即专利管理部门授予专利权的基本原则。我国授予专利权采用先申请原则，即两个以上的申请人分别就同一项发明创造申请专利权的，专利权授予最先申请的人。如果两个以上申请人在同一日分别就同样的发明创造申请专利的，应当在收到专利行政管理部门的通知后自行协商确定申请人。如果协商不成，专利局将驳回所有申请人的申请，即所有申请人均不能取得专利权。所以，先申请人可以获得专利申请权。', '1');
INSERT INTO `question` VALUES ('97', '为实现程序指令的顺序执行，CPU______中的值将自动加1。 ', '指令寄存器(IR)', '程序计数器(PC)', '地址寄存器(AR)', '指令译码器(ID)', '2', '1', '本题考查CPU中相关寄存器的基础知识。指令寄存器(IR)用来保存当前正在执行的指令。当执行一条指令时，先把它从内存取到数据寄存器(DR)中，然后再传送至IR。为了执行任何给定的指令，必须埘操作码进行测试，以便识别所要求的操作。指令译码器(ID)就是做这项工作的。指令寄存器中操作码字段的输出就是指令译码器的输入。操作码一经译码后，即可向操作控制器发出具体操作的特定信号。地址寄存器(AR)用来保存当前CPU所访问的内存单元的地址。由于在内存和CPU之问存在着操作速度上的差别，所以必须使用地址寄存器米保持地址信息，直到内存的读/写操作完成为止。为了保证程序指令能够连续地执行下去，CPU必须具有某些手段来确定下一条指令的地址。而程序计数器正起到这种作用，所以通常又称为指令计数器。在程序丌始执行前，必须将它的起始地址，即程序的一条指令所在的内存单元地址送入PC，因此程序计数器(PC)的内容即是从内存提取的第一条指令的地址。当执行指令时，CPU将自动修改PC的内容，即每执行一条指令PC增加一个量，这个量等于指令所含的字节数，以便使其保持的总是将要执行的下一条指令的地址。由于大多数指令都是按顺序来执行的，所以修改的过程通常只是简单的对PC加1。', '1');
INSERT INTO `question` VALUES ('98', '某计算机系统由下图所示的部件构成，假定每个部件的千小时可靠度都为尺，则该系统的千小时可靠度为______。', 'R+2R/4', 'R+R2/4', 'R(1-(1-R)2)', 'R(1-(1-R)2)2', '4', '2', '本题考查系统可靠性方面的基础知识。由子系统构成串联系统时，其中任何一个子系统失效就足以使系统失效，其可靠度等于各子系统可靠度的乘积；构成并联系统时，只要有一个子系统正常工作，系统就能正常工作。设每个子系统的可靠性分别以R1，R2，…，RN表示，则整个系统的可靠度由下式来求得：R=1-(1-R1)(1-R2)…(1-RN)因此，本系统的可靠度为R(1-(1-R)2)2。', '1');
INSERT INTO `question` VALUES ('99', '以下关于计算机系统中断概念的叙述中，正确的是______。 ', '由I/O设备提出的中断请求和电源掉电都是可屏蔽中断', '由I/O设备提出的中断请求和电源掉电都是不可屏蔽中断', '由I/O设备提出的中断请求是可屏蔽中断，电源掉电是不可屏蔽中断', '由I/0设备提出的中断请求是不可屏蔽中断，电源掉电是可屏蔽中断', '4', '3', '本题考查中断基础知识。按照是否可以被屏蔽，可将中断分为两大类：不可屏蔽中断(又叫非屏蔽中断)和可屏蔽中断。不可屏蔽中断源一旦提出请求，CPU必须无条件响应，而对可屏蔽中断源的请求，CPU可以响应，也可以不响应。典型的非屏蔽中断源的例子是电源掉电，一旦出现，必须立即无条件地响应，否则进行其他任何工作都是没有意义的。典型的可屏蔽中断源的例子是打印机中断，CPU对打印机中断请求的响应可以快一些，也可以慢一些，因为让打印机等待是完全可以的。对于软中断，它不受中断允许标志位(IF位)的影响，所以属于非屏蔽中断范畴。', '1');
INSERT INTO `question` VALUES ('100', '与A♁B等价的逻辑表达式是______。(♁表示逻辑异或，+表示逻辑加)', 'A+B', 'A♁B', 'AB+AB', 'AB♁AB', '2', '1', '本题考查逻辑运算基础知识。', '1');
INSERT INTO `question` VALUES ('101', '计算机指令一般包括操作码和地址码两部分，为分析执行一条指令，其______。', '操作码应存入指令寄存器(IR)，地址码应存入程序计数器(PC)', '操作码应存入程序计数器(PC)，地址码应存入指令寄存器(IR)', '操作码和地址码都应存入指令寄存器(IR)', '操作码和地址码都应存入程序计数器(PC)', '3', '2', '本题考查指令系统基础知识。程序被加载到内存后开始运行，当CPU执行一条指令时，先把它从内存储器取到缓冲寄存器DR中，再送入IR暂存，指令译码器根据IR的内容产生各种微操作指令，控制其他的组成部件工作，完成所需的功能。', '2');
INSERT INTO `question` VALUES ('102', '关于64位和32位微处理器，不能以2倍关系描述的是______。 ', '通用寄存器的位数', '数据总线的宽度', '运算速度', '能同时进行运算的位数', '3', '1', '本题考查计算机系统基础知识。计算机系统的运算速度受多种因素的影响，64位微处理器可同时对64位数据进行运算，但不能说其速度是32位微处理器的2倍。', '2');
INSERT INTO `question` VALUES ('103', 'Outlook Express作为邮件代理软件有诸多优点，以下说法中，错误的是______。 ', '可以脱机处理邮件', '可以管理多个邮件账号', '可以使用通讯簿存储和检索电子邮件地址', '不能发送和接收安全邮件', '4', '2', 'Outlook Express有以下些优点：·可以脱机处理邮件，有效利用联机时间，降低了上网费用。·可以管理多个邮件账号，在同一个窗口中使用多个邮件账号。·可以使用通讯簿存储和检索电子邮件地址。·在邮件中添加个人签名或信纸。·发送和接收安全邮件。', '2');
INSERT INTO `question` VALUES ('104', '杀毒软件报告发现病毒Macro.Melissa，由该病毒名称可以推断病毒类型是 (8)，这类病毒主要感染目标是Word或Excel文件。', '文件型', '引导型', '目录型', '宏病毒', '4', '3', '本题考查计算机病毒方面的基础知识。计算机病毒的分类方法有许多种，按照最通用的区分方式，即根据其感染的途径以及采用的技术区分，计算机病毒可分为文件型计算机病毒、引导型计算机病毒、宏病毒和目录型计算机病毒。', '2');
INSERT INTO `question` VALUES ('105', '杀毒软件报告发现病毒Macro.Melissa，由该病毒名称可以推断病毒类型是宏病毒，这类病毒主要感染目标是 (9)。', 'EXE或COM可执行文件', 'Word或Excel文件', 'DLL系统文件', '磁盘引导区', '2', '1', '文件型计算机病毒感染可执行文件(包括EXE和COM文件)。引导型计算机病毒影响软盘或硬盘的引导扇区。', '2');
INSERT INTO `question` VALUES ('106', '两个以上的申请人分别就相同内容的计算机程序的发明创造，先后向国务院专利行政部门提出申请，______可以获得专利申请权。 ', '所有申请人均', '先申请人', '先使用人', '先发明人', '2', '2', '本题考查知识产权基本知识，即专利管理部门授予专利权的基本原则。我国授予专利权采用先申请原则，即两个以上的申请人分别就同一项发明创造申请专利权的，专利权授予最先申请的人。如果两个以上申请人在同一日分别就同样的发明创造申请专利的，应当在收到专利行政管理部门的通知后自行协商确定申请人。如果协商不成，专利局将驳回所有申请人的申请，即所有申请人均不能取得专利权。所以，先申请人可以获得专利申请权。', '2');
INSERT INTO `question` VALUES ('107', '在输入输出控制方法中，采用______可以使得设备与主存间的数据块传送无需CPU干预。', '程序控制输入输出', '中断', 'DMA', '总线控制', '3', '1', '本题考查CPU中相关寄存器的基础知识。计算机中主机与外设间进行数据传输的输入输出控制方法有程序控制方式、中断方式、DMA等。在程序控制方式下，由CPU执行程序控制数据的输入输出过程。在中断方式下，外设准备好输入数据或接收数据时向CPU发出中断请求信号，若CPU决定响应该请求，则暂停正在执行的任务，转而执行中断服务程序进行数据的输入输出处理，之后再回去执行原来被中断的任务。在DMA方式下，CPU只需向DMA控制器下达指令，让DMA控制器来处理数据的传送，数据传送完毕再把信息反馈给CPU，这样就很大程度上减轻了CPU的负担，可以大大节省系统资源。', '2');
INSERT INTO `question` VALUES ('108', '若某计算机采用8位整数补码表示数据，则运算______将产生溢出。', '-126', '-128', '127+1', '127-1', '3', '2', '本题考查计算机中的数据表示和运算基础知识。采用8位补码表示整型数据时，可表示的数据范围为-128～127，因此进行127+1运算会产生溢出。', '2');
INSERT INTO `question` VALUES ('109', '若内存容量为4GB，字长为32，则______。', '地址总线和数据总线的宽度都为32', '地址总线的宽度为30，数据总线的宽度为32', '地址总线的宽度为30，数据总线的宽度为8', '地址总线的宽度为32，数据总线的宽度为8', '1', '3', '本题考查计算机系统的总线基础知识。内存容量为4GB，即内存单元的地址宽度为32位。字长为32位即要求数据总线的宽度为32位，因此地址总线和数据总线的宽度都为32。', '2');
INSERT INTO `question` VALUES ('110', '设用2K×4位的存储器芯片组成16K×8位的存储器(地址单元为0000H～3FFFH，每个芯片的地址空间连续)，则地址单元0B1FH所在芯片的最小地址编号为______。 ', '0000H', '0800H', '2000H', '2800', '2', '1', '本题考查计算机系统中存储部件的基础知识。由2K×4位的存储器芯片组成容量为16K×8位的存储器时，共需要16片(16K×8/(2K×4))。用2个存储器芯片组成2K×8的存储空间(每个芯片的地址空间连续)，16K×8位的存储空间共分为8段，即0000H～07FFH，0800H～0FFFH，1000H～17FFH，1800H～1FFFH，2000H～27FFH，2800H～2FFFH，3000H～37FFH，3800H～3FFFH。显然，地址单元0B1FH所在芯片的起始地址为0800H。', '2');
INSERT INTO `question` VALUES ('111', '编写汇编语言程序时，下列寄存器中程序员可访问的是______。 ', '程序计数器(PC)', '指令寄存器(IR)', '存储器数据寄存器(MDR)', '存储器地址寄存器(MAR)', '1', '2', '本题考查CPU中相关寄存器的基础知识。指令寄存器(IR)用于暂存从内存取出的、正在运行的指令，这是由系统使用的寄存器，程序员不能访问。存储器数据寄存器(MDR)和存储器地址寄存器(MAR)用于对内存单元访问时的数据和地址暂存，也是由系统使用的，程序员不能访问。程序计数器(PC)用于存储指令的地址，CPU根据该寄存器的内容从内存读取待执行的指令，程序员可以访问该寄存器。', '3');
INSERT INTO `question` VALUES ('112', '正常情况下，操作系统对保存有大量有用数据的硬盘进行______操作时，不会清除有用数据。 ', '磁盘分区和格式化', '磁盘格式化和碎片整理', '磁盘清理和碎片整理', '磁盘分区和磁盘清理', '3', '1', '本题考查计算机系统的基础知识。磁盘格式化是指把一张空白的盘划分成一个个小区域并编号，以供计算机储存和读取数据。格式化是一种纯物理操作，是在磁盘的所有数据区上写零的操作过程，同时对硬盘介质做一致性检测，并且标记出不可读和坏的扇区。由于大部分硬盘在出厂时已经格式化过，所以只有在硬盘介质产生错误时才需要进行格式化。磁盘分区就是将磁盘划分成一块块的存储区域。在传统的磁盘管理中，将一个硬盘分为两大类分区：主分区和扩展分区。主分区是能够安装操作系统、能够进行计算机启动的分区，这样的分区可以直接格式化，然后安装系统，直接存放文件。', '3');
INSERT INTO `question` VALUES ('113', '如果使用大量的连接请求攻击计算机，使得所有可用的系统资源都被消耗殆尽，最终计算机无法再处理合法用户的请求，这种手段属于______攻击。 ', '拒绝服务', '口令入侵', '网络监听', 'IP欺骗', '1', '2', '本题考查网络安全中网络攻击的基础知识。网络攻击的主要手段包括口令入侵、放置特洛伊木马程序、拒绝服务(DoS)攻击、端口扫描、网络监听、欺骗攻击和电子邮件攻击等。口令入侵是指使用某些合法用户的账号和口令登录到目的主机，然后再实施攻击活动。特洛伊木马(Trojans)程序常被伪装成工具程序或游戏，一旦用户打开了带有特洛伊木马程序的邮件附件或从网上直接下载，或执行了这些程序之后，当用户连接到互联网上时，这个程序就会向黑客通知用户的IP地址及被预先设定的端口。', '3');
INSERT INTO `question` VALUES ('114', 'ARP攻击造成网络无法跨网段通信的原因是______。 ', '发送大量ARP报文造成网络拥塞', '伪造网关ARP报文使得数据包无法发送到网关', 'ARP攻击破坏了网络的物理连通性', 'ARP攻击破坏了网关设备', '2', '3', '本题考查网络攻击中ARP攻击的原理。ARP攻击(ARP欺骗)是欺骗攻击的一种，通过伪造IP地址和MAC地址，能够在网络中产生大量的ARP通信量使网络阻塞，如果伪造网关的IP地址和MAC地址对，则所有发往网关的IP包将因为MAC地址错误而无法到达网关(ARP攻击一般会将MAC地址改为发起ARP攻击的主机地址)，造成无法跨网段通信。处理ARP攻击的方法为首先断开ARP攻击主机的网络连接，然后用“arp-d”命令清除受攻击影响的ARP缓存。', '3');
INSERT INTO `question` VALUES ('115', '下列选项中，防范网络监听最有效的方法是______。 ', '安装防火墙', '采用无线网络传输', '数据加密', '漏洞扫描', '3', '1', '本题考查网络攻击中网络监听的基础知识。网络监听是主机的一种工作模式，在这种模式下，主机可以接收到本网段在同一条物理通道上传输的所有信息。使用网络监听工具可轻而易举地截取包括口令和账号在内的信息资料。采用数据加密的方式保护包括口令和账号在内的信息资料，使得即使网络监听获取密文后也无法解密成明文，是对付网络监听的有效手段。', '3');
INSERT INTO `question` VALUES ('116', '软件商标权的权利人是指______。', '软件商标设计人', '软件商标制作人', '软件商标使用人', '软件注册商标所有人', '4', '2', '本题考查知识产权方面的基础知识，涉及软件商标权主体资格的相关概念。在我国，商标权是指注册商标专用权，只有依法进行商标注册后，商标注册人才能取得商标权，其商标才能得到法律的保护。商标权不包括商标设计人的权利，主要注重商标所有人的权利，即注册商标所有人具有其商标的专用权。商标设计人的发表权、署名权等人身权在商标的使用中没有反映，所以不受商标法保护。商标设计人可以通过其他法律来保护属于自己的权利，如可以将商标设计图案作为美术作品通过著作权法来保护；与产品外观关系密切的商标图案还可以申请外观设计专利通过专利法加以保护。软件商标制作人、软件商标使用人均未涉及软件注册商标，所以均不能成为软件商标权的权利人。', '3');
INSERT INTO `question` VALUES ('117', '在输入输出控制方法中，采用______可以使得设备与主存间的数据块传送无需CPU干预。', '程序控制输入输出', '中断', 'DMA', '总线控制', '3', '1', '本题考查CPU中相关寄存器的基础知识。计算机中主机与外设间进行数据传输的输入输出控制方法有程序控制方式、中断方式、DMA等。在程序控制方式下，由CPU执行程序控制数据的输入输出过程。在中断方式下，外设准备好输入数据或接收数据时向CPU发出中断请求信号，若CPU决定响应该请求，则暂停正在执行的任务，转而执行中断服务程序进行数据的输入输出处理，之后再回去执行原来被中断的任务。在DMA方式下，CPU只需向DMA控制器下达指令，让DMA控制器来处理数据的传送，数据传送完毕再把信息反馈给CPU，这样就很大程度上减轻了CPU的负担，可以大大节省系统资源。', '3');
INSERT INTO `question` VALUES ('118', '若某计算机采用8位整数补码表示数据，则运算______将产生溢出。', '-126', '-128', '127+1', '127-1', '3', '2', '本题考查计算机中的数据表示和运算基础知识。采用8位补码表示整型数据时，可表示的数据范围为-128～127，因此进行127+1运算会产生溢出。', '3');
INSERT INTO `question` VALUES ('119', '若内存容量为4GB，字长为32，则______。', '地址总线和数据总线的宽度都为32', '地址总线的宽度为30，数据总线的宽度为32', '地址总线的宽度为30，数据总线的宽度为8', '地址总线的宽度为32，数据总线的宽度为8', '1', '3', '本题考查计算机系统的总线基础知识。内存容量为4GB，即内存单元的地址宽度为32位。字长为32位即要求数据总线的宽度为32位，因此地址总线和数据总线的宽度都为32。', '3');
INSERT INTO `question` VALUES ('120', '设用2K×4位的存储器芯片组成16K×8位的存储器(地址单元为0000H～3FFFH，每个芯片的地址空间连续)，则地址单元0B1FH所在芯片的最小地址编号为______。 ', '0000H', '0800H', '2000H', '2800', '2', '1', '本题考查计算机系统中存储部件的基础知识。由2K×4位的存储器芯片组成容量为16K×8位的存储器时，共需要16片(16K×8/(2K×4))。用2个存储器芯片组成2K×8的存储空间(每个芯片的地址空间连续)，16K×8位的存储空间共分为8段，即0000H～07FFH，0800H～0FFFH，1000H～17FFH，1800H～1FFFH，2000H～27FFH，2800H～2FFFH，3000H～37FFH，3800H～3FFFH。显然，地址单元0B1FH所在芯片的起始地址为0800H。', '3');
INSERT INTO `question` VALUES ('121', '编写汇编语言程序时，下列寄存器中程序员可访问的是______。 ', '程序计数器(PC)', '指令寄存器(IR)', '存储器数据寄存器(MDR)', '存储器地址寄存器(MAR)', '1', '2', '本题考查CPU中相关寄存器的基础知识。指令寄存器(IR)用于暂存从内存取出的、正在运行的指令，这是由系统使用的寄存器，程序员不能访问。存储器数据寄存器(MDR)和存储器地址寄存器(MAR)用于对内存单元访问时的数据和地址暂存，也是由系统使用的，程序员不能访问。程序计数器(PC)用于存储指令的地址，CPU根据该寄存器的内容从内存读取待执行的指令，程序员可以访问该寄存器。', '4');
INSERT INTO `question` VALUES ('122', '正常情况下，操作系统对保存有大量有用数据的硬盘进行______操作时，不会清除有用数据。 ', '磁盘分区和格式化', '磁盘格式化和碎片整理', '磁盘清理和碎片整理', '磁盘分区和磁盘清理', '3', '1', '本题考查计算机系统的基础知识。磁盘格式化是指把一张空白的盘划分成一个个小区域并编号，以供计算机储存和读取数据。格式化是一种纯物理操作，是在磁盘的所有数据区上写零的操作过程，同时对硬盘介质做一致性检测，并且标记出不可读和坏的扇区。由于大部分硬盘在出厂时已经格式化过，所以只有在硬盘介质产生错误时才需要进行格式化。磁盘分区就是将磁盘划分成一块块的存储区域。在传统的磁盘管理中，将一个硬盘分为两大类分区：主分区和扩展分区。主分区是能够安装操作系统、能够进行计算机启动的分区，这样的分区可以直接格式化，然后安装系统，直接存放文件。', '4');
INSERT INTO `question` VALUES ('123', '如果使用大量的连接请求攻击计算机，使得所有可用的系统资源都被消耗殆尽，最终计算机无法再处理合法用户的请求，这种手段属于______攻击。 ', '拒绝服务', '口令入侵', '网络监听', 'IP欺骗', '1', '2', '本题考查网络安全中网络攻击的基础知识。网络攻击的主要手段包括口令入侵、放置特洛伊木马程序、拒绝服务(DoS)攻击、端口扫描、网络监听、欺骗攻击和电子邮件攻击等。口令入侵是指使用某些合法用户的账号和口令登录到目的主机，然后再实施攻击活动。特洛伊木马(Trojans)程序常被伪装成工具程序或游戏，一旦用户打开了带有特洛伊木马程序的邮件附件或从网上直接下载，或执行了这些程序之后，当用户连接到互联网上时，这个程序就会向黑客通知用户的IP地址及被预先设定的端口。', '4');
INSERT INTO `question` VALUES ('124', 'ARP攻击造成网络无法跨网段通信的原因是______。 ', '发送大量ARP报文造成网络拥塞', '伪造网关ARP报文使得数据包无法发送到网关', 'ARP攻击破坏了网络的物理连通性', 'ARP攻击破坏了网关设备', '2', '3', '本题考查网络攻击中ARP攻击的原理。ARP攻击(ARP欺骗)是欺骗攻击的一种，通过伪造IP地址和MAC地址，能够在网络中产生大量的ARP通信量使网络阻塞，如果伪造网关的IP地址和MAC地址对，则所有发往网关的IP包将因为MAC地址错误而无法到达网关(ARP攻击一般会将MAC地址改为发起ARP攻击的主机地址)，造成无法跨网段通信。处理ARP攻击的方法为首先断开ARP攻击主机的网络连接，然后用“arp-d”命令清除受攻击影响的ARP缓存。', '4');
INSERT INTO `question` VALUES ('125', '下列选项中，防范网络监听最有效的方法是______。 ', '安装防火墙', '采用无线网络传输', '数据加密', '漏洞扫描', '3', '1', '本题考查网络攻击中网络监听的基础知识。网络监听是主机的一种工作模式，在这种模式下，主机可以接收到本网段在同一条物理通道上传输的所有信息。使用网络监听工具可轻而易举地截取包括口令和账号在内的信息资料。采用数据加密的方式保护包括口令和账号在内的信息资料，使得即使网络监听获取密文后也无法解密成明文，是对付网络监听的有效手段。', '4');
INSERT INTO `question` VALUES ('126', '软件商标权的权利人是指______。', '软件商标设计人', '软件商标制作人', '软件商标使用人', '软件注册商标所有人', '4', '2', '本题考查知识产权方面的基础知识，涉及软件商标权主体资格的相关概念。在我国，商标权是指注册商标专用权，只有依法进行商标注册后，商标注册人才能取得商标权，其商标才能得到法律的保护。商标权不包括商标设计人的权利，主要注重商标所有人的权利，即注册商标所有人具有其商标的专用权。商标设计人的发表权、署名权等人身权在商标的使用中没有反映，所以不受商标法保护。商标设计人可以通过其他法律来保护属于自己的权利，如可以将商标设计图案作为美术作品通过著作权法来保护；与产品外观关系密切的商标图案还可以申请外观设计专利通过专利法加以保护。软件商标制作人、软件商标使用人均未涉及软件注册商标，所以均不能成为软件商标权的权利人。', '4');
INSERT INTO `question` VALUES ('127', '在输入输出控制方法中，采用______可以使得设备与主存间的数据块传送无需CPU干预。', '程序控制输入输出', '中断', 'DMA', '总线控制', '3', '1', '本题考查CPU中相关寄存器的基础知识。计算机中主机与外设间进行数据传输的输入输出控制方法有程序控制方式、中断方式、DMA等。在程序控制方式下，由CPU执行程序控制数据的输入输出过程。在中断方式下，外设准备好输入数据或接收数据时向CPU发出中断请求信号，若CPU决定响应该请求，则暂停正在执行的任务，转而执行中断服务程序进行数据的输入输出处理，之后再回去执行原来被中断的任务。在DMA方式下，CPU只需向DMA控制器下达指令，让DMA控制器来处理数据的传送，数据传送完毕再把信息反馈给CPU，这样就很大程度上减轻了CPU的负担，可以大大节省系统资源。', '4');
INSERT INTO `question` VALUES ('128', '若某计算机采用8位整数补码表示数据，则运算______将产生溢出。', '-126', '-128', '127+1', '127-1', '3', '2', '本题考查计算机中的数据表示和运算基础知识。采用8位补码表示整型数据时，可表示的数据范围为-128～127，因此进行127+1运算会产生溢出。', '4');
INSERT INTO `question` VALUES ('129', '若内存容量为4GB，字长为32，则______。', '地址总线和数据总线的宽度都为32', '地址总线的宽度为30，数据总线的宽度为32', '地址总线的宽度为30，数据总线的宽度为8', '地址总线的宽度为32，数据总线的宽度为8', '1', '3', '本题考查计算机系统的总线基础知识。内存容量为4GB，即内存单元的地址宽度为32位。字长为32位即要求数据总线的宽度为32位，因此地址总线和数据总线的宽度都为32。', '4');
INSERT INTO `question` VALUES ('130', '设用2K×4位的存储器芯片组成16K×8位的存储器(地址单元为0000H～3FFFH，每个芯片的地址空间连续)，则地址单元0B1FH所在芯片的最小地址编号为______。 ', '0000H', '0800H', '2000H', '2800', '2', '1', '本题考查计算机系统中存储部件的基础知识。由2K×4位的存储器芯片组成容量为16K×8位的存储器时，共需要16片(16K×8/(2K×4))。用2个存储器芯片组成2K×8的存储空间(每个芯片的地址空间连续)，16K×8位的存储空间共分为8段，即0000H～07FFH，0800H～0FFFH，1000H～17FFH，1800H～1FFFH，2000H～27FFH，2800H～2FFFH，3000H～37FFH，3800H～3FFFH。显然，地址单元0B1FH所在芯片的起始地址为0800H。', '4');
INSERT INTO `question` VALUES ('131', '编写汇编语言程序时，下列寄存器中程序员可访问的是______。 ', '程序计数器(PC)', '指令寄存器(IR)', '存储器数据寄存器(MDR)', '存储器地址寄存器(MAR)', '1', '2', '本题考查CPU中相关寄存器的基础知识。指令寄存器(IR)用于暂存从内存取出的、正在运行的指令，这是由系统使用的寄存器，程序员不能访问。存储器数据寄存器(MDR)和存储器地址寄存器(MAR)用于对内存单元访问时的数据和地址暂存，也是由系统使用的，程序员不能访问。程序计数器(PC)用于存储指令的地址，CPU根据该寄存器的内容从内存读取待执行的指令，程序员可以访问该寄存器。', '5');
INSERT INTO `question` VALUES ('132', '正常情况下，操作系统对保存有大量有用数据的硬盘进行______操作时，不会清除有用数据。 ', '磁盘分区和格式化', '磁盘格式化和碎片整理', '磁盘清理和碎片整理', '磁盘分区和磁盘清理', '3', '1', '本题考查计算机系统的基础知识。磁盘格式化是指把一张空白的盘划分成一个个小区域并编号，以供计算机储存和读取数据。格式化是一种纯物理操作，是在磁盘的所有数据区上写零的操作过程，同时对硬盘介质做一致性检测，并且标记出不可读和坏的扇区。由于大部分硬盘在出厂时已经格式化过，所以只有在硬盘介质产生错误时才需要进行格式化。磁盘分区就是将磁盘划分成一块块的存储区域。在传统的磁盘管理中，将一个硬盘分为两大类分区：主分区和扩展分区。主分区是能够安装操作系统、能够进行计算机启动的分区，这样的分区可以直接格式化，然后安装系统，直接存放文件。', '5');
INSERT INTO `question` VALUES ('133', '如果使用大量的连接请求攻击计算机，使得所有可用的系统资源都被消耗殆尽，最终计算机无法再处理合法用户的请求，这种手段属于______攻击。 ', '拒绝服务', '口令入侵', '网络监听', 'IP欺骗', '1', '2', '本题考查网络安全中网络攻击的基础知识。网络攻击的主要手段包括口令入侵、放置特洛伊木马程序、拒绝服务(DoS)攻击、端口扫描、网络监听、欺骗攻击和电子邮件攻击等。口令入侵是指使用某些合法用户的账号和口令登录到目的主机，然后再实施攻击活动。特洛伊木马(Trojans)程序常被伪装成工具程序或游戏，一旦用户打开了带有特洛伊木马程序的邮件附件或从网上直接下载，或执行了这些程序之后，当用户连接到互联网上时，这个程序就会向黑客通知用户的IP地址及被预先设定的端口。', '5');
INSERT INTO `question` VALUES ('134', 'ARP攻击造成网络无法跨网段通信的原因是______。 ', '发送大量ARP报文造成网络拥塞', '伪造网关ARP报文使得数据包无法发送到网关', 'ARP攻击破坏了网络的物理连通性', 'ARP攻击破坏了网关设备', '2', '3', '本题考查网络攻击中ARP攻击的原理。ARP攻击(ARP欺骗)是欺骗攻击的一种，通过伪造IP地址和MAC地址，能够在网络中产生大量的ARP通信量使网络阻塞，如果伪造网关的IP地址和MAC地址对，则所有发往网关的IP包将因为MAC地址错误而无法到达网关(ARP攻击一般会将MAC地址改为发起ARP攻击的主机地址)，造成无法跨网段通信。处理ARP攻击的方法为首先断开ARP攻击主机的网络连接，然后用“arp-d”命令清除受攻击影响的ARP缓存。', '5');
INSERT INTO `question` VALUES ('135', '下列选项中，防范网络监听最有效的方法是______。 ', '安装防火墙', '采用无线网络传输', '数据加密', '漏洞扫描', '3', '1', '本题考查网络攻击中网络监听的基础知识。网络监听是主机的一种工作模式，在这种模式下，主机可以接收到本网段在同一条物理通道上传输的所有信息。使用网络监听工具可轻而易举地截取包括口令和账号在内的信息资料。采用数据加密的方式保护包括口令和账号在内的信息资料，使得即使网络监听获取密文后也无法解密成明文，是对付网络监听的有效手段。', '5');
INSERT INTO `question` VALUES ('136', '软件商标权的权利人是指______。', '软件商标设计人', '软件商标制作人', '软件商标使用人', '软件注册商标所有人', '4', '2', '本题考查知识产权方面的基础知识，涉及软件商标权主体资格的相关概念。在我国，商标权是指注册商标专用权，只有依法进行商标注册后，商标注册人才能取得商标权，其商标才能得到法律的保护。商标权不包括商标设计人的权利，主要注重商标所有人的权利，即注册商标所有人具有其商标的专用权。商标设计人的发表权、署名权等人身权在商标的使用中没有反映，所以不受商标法保护。商标设计人可以通过其他法律来保护属于自己的权利，如可以将商标设计图案作为美术作品通过著作权法来保护；与产品外观关系密切的商标图案还可以申请外观设计专利通过专利法加以保护。软件商标制作人、软件商标使用人均未涉及软件注册商标，所以均不能成为软件商标权的权利人。', '5');
INSERT INTO `question` VALUES ('137', '在输入输出控制方法中，采用______可以使得设备与主存间的数据块传送无需CPU干预。', '程序控制输入输出', '中断', 'DMA', '总线控制', '3', '1', '本题考查CPU中相关寄存器的基础知识。计算机中主机与外设间进行数据传输的输入输出控制方法有程序控制方式、中断方式、DMA等。在程序控制方式下，由CPU执行程序控制数据的输入输出过程。在中断方式下，外设准备好输入数据或接收数据时向CPU发出中断请求信号，若CPU决定响应该请求，则暂停正在执行的任务，转而执行中断服务程序进行数据的输入输出处理，之后再回去执行原来被中断的任务。在DMA方式下，CPU只需向DMA控制器下达指令，让DMA控制器来处理数据的传送，数据传送完毕再把信息反馈给CPU，这样就很大程度上减轻了CPU的负担，可以大大节省系统资源。', '5');
INSERT INTO `question` VALUES ('138', '若某计算机采用8位整数补码表示数据，则运算______将产生溢出。', '-126', '-128', '127+1', '127-1', '3', '2', '本题考查计算机中的数据表示和运算基础知识。采用8位补码表示整型数据时，可表示的数据范围为-128～127，因此进行127+1运算会产生溢出。', '5');
INSERT INTO `question` VALUES ('139', '若内存容量为4GB，字长为32，则______。', '地址总线和数据总线的宽度都为32', '地址总线的宽度为30，数据总线的宽度为32', '地址总线的宽度为30，数据总线的宽度为8', '地址总线的宽度为32，数据总线的宽度为8', '1', '3', '本题考查计算机系统的总线基础知识。内存容量为4GB，即内存单元的地址宽度为32位。字长为32位即要求数据总线的宽度为32位，因此地址总线和数据总线的宽度都为32。', '5');
INSERT INTO `question` VALUES ('140', '设用2K×4位的存储器芯片组成16K×8位的存储器(地址单元为0000H～3FFFH，每个芯片的地址空间连续)，则地址单元0B1FH所在芯片的最小地址编号为______。 ', '0000H', '0800H', '2000H', '2800', '2', '1', '本题考查计算机系统中存储部件的基础知识。由2K×4位的存储器芯片组成容量为16K×8位的存储器时，共需要16片(16K×8/(2K×4))。用2个存储器芯片组成2K×8的存储空间(每个芯片的地址空间连续)，16K×8位的存储空间共分为8段，即0000H～07FFH，0800H～0FFFH，1000H～17FFH，1800H～1FFFH，2000H～27FFH，2800H～2FFFH，3000H～37FFH，3800H～3FFFH。显然，地址单元0B1FH所在芯片的起始地址为0800H。', '5');
INSERT INTO `question` VALUES ('141', '编写汇编语言程序时，下列寄存器中程序员可访问的是______。 ', '程序计数器(PC)', '指令寄存器(IR)', '存储器数据寄存器(MDR)', '存储器地址寄存器(MAR)', '1', '2', '本题考查CPU中相关寄存器的基础知识。指令寄存器(IR)用于暂存从内存取出的、正在运行的指令，这是由系统使用的寄存器，程序员不能访问。存储器数据寄存器(MDR)和存储器地址寄存器(MAR)用于对内存单元访问时的数据和地址暂存，也是由系统使用的，程序员不能访问。程序计数器(PC)用于存储指令的地址，CPU根据该寄存器的内容从内存读取待执行的指令，程序员可以访问该寄存器。', '6');
INSERT INTO `question` VALUES ('142', '正常情况下，操作系统对保存有大量有用数据的硬盘进行______操作时，不会清除有用数据。 ', '磁盘分区和格式化', '磁盘格式化和碎片整理', '磁盘清理和碎片整理', '磁盘分区和磁盘清理', '3', '1', '本题考查计算机系统的基础知识。磁盘格式化是指把一张空白的盘划分成一个个小区域并编号，以供计算机储存和读取数据。格式化是一种纯物理操作，是在磁盘的所有数据区上写零的操作过程，同时对硬盘介质做一致性检测，并且标记出不可读和坏的扇区。由于大部分硬盘在出厂时已经格式化过，所以只有在硬盘介质产生错误时才需要进行格式化。磁盘分区就是将磁盘划分成一块块的存储区域。在传统的磁盘管理中，将一个硬盘分为两大类分区：主分区和扩展分区。主分区是能够安装操作系统、能够进行计算机启动的分区，这样的分区可以直接格式化，然后安装系统，直接存放文件。', '6');
INSERT INTO `question` VALUES ('143', '如果使用大量的连接请求攻击计算机，使得所有可用的系统资源都被消耗殆尽，最终计算机无法再处理合法用户的请求，这种手段属于______攻击。 ', '拒绝服务', '口令入侵', '网络监听', 'IP欺骗', '1', '2', '本题考查网络安全中网络攻击的基础知识。网络攻击的主要手段包括口令入侵、放置特洛伊木马程序、拒绝服务(DoS)攻击、端口扫描、网络监听、欺骗攻击和电子邮件攻击等。口令入侵是指使用某些合法用户的账号和口令登录到目的主机，然后再实施攻击活动。特洛伊木马(Trojans)程序常被伪装成工具程序或游戏，一旦用户打开了带有特洛伊木马程序的邮件附件或从网上直接下载，或执行了这些程序之后，当用户连接到互联网上时，这个程序就会向黑客通知用户的IP地址及被预先设定的端口。', '6');
INSERT INTO `question` VALUES ('144', 'ARP攻击造成网络无法跨网段通信的原因是______。 ', '发送大量ARP报文造成网络拥塞', '伪造网关ARP报文使得数据包无法发送到网关', 'ARP攻击破坏了网络的物理连通性', 'ARP攻击破坏了网关设备', '2', '3', '本题考查网络攻击中ARP攻击的原理。ARP攻击(ARP欺骗)是欺骗攻击的一种，通过伪造IP地址和MAC地址，能够在网络中产生大量的ARP通信量使网络阻塞，如果伪造网关的IP地址和MAC地址对，则所有发往网关的IP包将因为MAC地址错误而无法到达网关(ARP攻击一般会将MAC地址改为发起ARP攻击的主机地址)，造成无法跨网段通信。处理ARP攻击的方法为首先断开ARP攻击主机的网络连接，然后用“arp-d”命令清除受攻击影响的ARP缓存。', '6');
INSERT INTO `question` VALUES ('145', '下列选项中，防范网络监听最有效的方法是______。 ', '安装防火墙', '采用无线网络传输', '数据加密', '漏洞扫描', '3', '1', '本题考查网络攻击中网络监听的基础知识。网络监听是主机的一种工作模式，在这种模式下，主机可以接收到本网段在同一条物理通道上传输的所有信息。使用网络监听工具可轻而易举地截取包括口令和账号在内的信息资料。采用数据加密的方式保护包括口令和账号在内的信息资料，使得即使网络监听获取密文后也无法解密成明文，是对付网络监听的有效手段。', '6');
INSERT INTO `question` VALUES ('146', '软件商标权的权利人是指______。', '软件商标设计人', '软件商标制作人', '软件商标使用人', '软件注册商标所有人', '4', '2', '本题考查知识产权方面的基础知识，涉及软件商标权主体资格的相关概念。在我国，商标权是指注册商标专用权，只有依法进行商标注册后，商标注册人才能取得商标权，其商标才能得到法律的保护。商标权不包括商标设计人的权利，主要注重商标所有人的权利，即注册商标所有人具有其商标的专用权。商标设计人的发表权、署名权等人身权在商标的使用中没有反映，所以不受商标法保护。商标设计人可以通过其他法律来保护属于自己的权利，如可以将商标设计图案作为美术作品通过著作权法来保护；与产品外观关系密切的商标图案还可以申请外观设计专利通过专利法加以保护。软件商标制作人、软件商标使用人均未涉及软件注册商标，所以均不能成为软件商标权的权利人。', '6');
INSERT INTO `question` VALUES ('147', '在输入输出控制方法中，采用______可以使得设备与主存间的数据块传送无需CPU干预。', '程序控制输入输出', '中断', 'DMA', '总线控制', '3', '1', '本题考查CPU中相关寄存器的基础知识。计算机中主机与外设间进行数据传输的输入输出控制方法有程序控制方式、中断方式、DMA等。在程序控制方式下，由CPU执行程序控制数据的输入输出过程。在中断方式下，外设准备好输入数据或接收数据时向CPU发出中断请求信号，若CPU决定响应该请求，则暂停正在执行的任务，转而执行中断服务程序进行数据的输入输出处理，之后再回去执行原来被中断的任务。在DMA方式下，CPU只需向DMA控制器下达指令，让DMA控制器来处理数据的传送，数据传送完毕再把信息反馈给CPU，这样就很大程度上减轻了CPU的负担，可以大大节省系统资源。', '6');
INSERT INTO `question` VALUES ('148', '若某计算机采用8位整数补码表示数据，则运算______将产生溢出。', '-126', '-128', '127+1', '127-1', '3', '2', '本题考查计算机中的数据表示和运算基础知识。采用8位补码表示整型数据时，可表示的数据范围为-128～127，因此进行127+1运算会产生溢出。', '6');
INSERT INTO `question` VALUES ('149', '若内存容量为4GB，字长为32，则______。', '地址总线和数据总线的宽度都为32', '地址总线的宽度为30，数据总线的宽度为32', '地址总线的宽度为30，数据总线的宽度为8', '地址总线的宽度为32，数据总线的宽度为8', '1', '3', '本题考查计算机系统的总线基础知识。内存容量为4GB，即内存单元的地址宽度为32位。字长为32位即要求数据总线的宽度为32位，因此地址总线和数据总线的宽度都为32。', '6');
INSERT INTO `question` VALUES ('150', '设用2K×4位的存储器芯片组成16K×8位的存储器(地址单元为0000H～3FFFH，每个芯片的地址空间连续)，则地址单元0B1FH所在芯片的最小地址编号为______。 ', '0000H', '0800H', '2000H', '2800', '2', '1', '本题考查计算机系统中存储部件的基础知识。由2K×4位的存储器芯片组成容量为16K×8位的存储器时，共需要16片(16K×8/(2K×4))。用2个存储器芯片组成2K×8的存储空间(每个芯片的地址空间连续)，16K×8位的存储空间共分为8段，即0000H～07FFH，0800H～0FFFH，1000H～17FFH，1800H～1FFFH，2000H～27FFH，2800H～2FFFH，3000H～37FFH，3800H～3FFFH。显然，地址单元0B1FH所在芯片的起始地址为0800H。', '6');
INSERT INTO `question` VALUES ('151', '编写汇编语言程序时，下列寄存器中程序员可访问的是______。 ', '程序计数器(PC)', '指令寄存器(IR)', '存储器数据寄存器(MDR)', '存储器地址寄存器(MAR)', '1', '2', '本题考查CPU中相关寄存器的基础知识。指令寄存器(IR)用于暂存从内存取出的、正在运行的指令，这是由系统使用的寄存器，程序员不能访问。存储器数据寄存器(MDR)和存储器地址寄存器(MAR)用于对内存单元访问时的数据和地址暂存，也是由系统使用的，程序员不能访问。程序计数器(PC)用于存储指令的地址，CPU根据该寄存器的内容从内存读取待执行的指令，程序员可以访问该寄存器。', '7');
INSERT INTO `question` VALUES ('152', '正常情况下，操作系统对保存有大量有用数据的硬盘进行______操作时，不会清除有用数据。 ', '磁盘分区和格式化', '磁盘格式化和碎片整理', '磁盘清理和碎片整理', '磁盘分区和磁盘清理', '3', '1', '本题考查计算机系统的基础知识。磁盘格式化是指把一张空白的盘划分成一个个小区域并编号，以供计算机储存和读取数据。格式化是一种纯物理操作，是在磁盘的所有数据区上写零的操作过程，同时对硬盘介质做一致性检测，并且标记出不可读和坏的扇区。由于大部分硬盘在出厂时已经格式化过，所以只有在硬盘介质产生错误时才需要进行格式化。磁盘分区就是将磁盘划分成一块块的存储区域。在传统的磁盘管理中，将一个硬盘分为两大类分区：主分区和扩展分区。主分区是能够安装操作系统、能够进行计算机启动的分区，这样的分区可以直接格式化，然后安装系统，直接存放文件。', '7');
INSERT INTO `question` VALUES ('153', '如果使用大量的连接请求攻击计算机，使得所有可用的系统资源都被消耗殆尽，最终计算机无法再处理合法用户的请求，这种手段属于______攻击。 ', '拒绝服务', '口令入侵', '网络监听', 'IP欺骗', '1', '2', '本题考查网络安全中网络攻击的基础知识。网络攻击的主要手段包括口令入侵、放置特洛伊木马程序、拒绝服务(DoS)攻击、端口扫描、网络监听、欺骗攻击和电子邮件攻击等。口令入侵是指使用某些合法用户的账号和口令登录到目的主机，然后再实施攻击活动。特洛伊木马(Trojans)程序常被伪装成工具程序或游戏，一旦用户打开了带有特洛伊木马程序的邮件附件或从网上直接下载，或执行了这些程序之后，当用户连接到互联网上时，这个程序就会向黑客通知用户的IP地址及被预先设定的端口。', '7');
INSERT INTO `question` VALUES ('154', 'ARP攻击造成网络无法跨网段通信的原因是______。 ', '发送大量ARP报文造成网络拥塞', '伪造网关ARP报文使得数据包无法发送到网关', 'ARP攻击破坏了网络的物理连通性', 'ARP攻击破坏了网关设备', '2', '3', '本题考查网络攻击中ARP攻击的原理。ARP攻击(ARP欺骗)是欺骗攻击的一种，通过伪造IP地址和MAC地址，能够在网络中产生大量的ARP通信量使网络阻塞，如果伪造网关的IP地址和MAC地址对，则所有发往网关的IP包将因为MAC地址错误而无法到达网关(ARP攻击一般会将MAC地址改为发起ARP攻击的主机地址)，造成无法跨网段通信。处理ARP攻击的方法为首先断开ARP攻击主机的网络连接，然后用“arp-d”命令清除受攻击影响的ARP缓存。', '8');
INSERT INTO `question` VALUES ('155', '下列选项中，防范网络监听最有效的方法是______。 ', '安装防火墙', '采用无线网络传输', '数据加密', '漏洞扫描', '3', '1', '本题考查网络攻击中网络监听的基础知识。网络监听是主机的一种工作模式，在这种模式下，主机可以接收到本网段在同一条物理通道上传输的所有信息。使用网络监听工具可轻而易举地截取包括口令和账号在内的信息资料。采用数据加密的方式保护包括口令和账号在内的信息资料，使得即使网络监听获取密文后也无法解密成明文，是对付网络监听的有效手段。', '8');
INSERT INTO `question` VALUES ('156', '软件商标权的权利人是指______。', '软件商标设计人', '软件商标制作人', '软件商标使用人', '软件注册商标所有人', '4', '2', '本题考查知识产权方面的基础知识，涉及软件商标权主体资格的相关概念。在我国，商标权是指注册商标专用权，只有依法进行商标注册后，商标注册人才能取得商标权，其商标才能得到法律的保护。商标权不包括商标设计人的权利，主要注重商标所有人的权利，即注册商标所有人具有其商标的专用权。商标设计人的发表权、署名权等人身权在商标的使用中没有反映，所以不受商标法保护。商标设计人可以通过其他法律来保护属于自己的权利，如可以将商标设计图案作为美术作品通过著作权法来保护；与产品外观关系密切的商标图案还可以申请外观设计专利通过专利法加以保护。软件商标制作人、软件商标使用人均未涉及软件注册商标，所以均不能成为软件商标权的权利人。', '8');
INSERT INTO `question` VALUES ('157', '在输入输出控制方法中，采用______可以使得设备与主存间的数据块传送无需CPU干预。', '程序控制输入输出', '中断', 'DMA', '总线控制', '3', '1', '本题考查CPU中相关寄存器的基础知识。计算机中主机与外设间进行数据传输的输入输出控制方法有程序控制方式、中断方式、DMA等。在程序控制方式下，由CPU执行程序控制数据的输入输出过程。在中断方式下，外设准备好输入数据或接收数据时向CPU发出中断请求信号，若CPU决定响应该请求，则暂停正在执行的任务，转而执行中断服务程序进行数据的输入输出处理，之后再回去执行原来被中断的任务。在DMA方式下，CPU只需向DMA控制器下达指令，让DMA控制器来处理数据的传送，数据传送完毕再把信息反馈给CPU，这样就很大程度上减轻了CPU的负担，可以大大节省系统资源。', '9');
INSERT INTO `question` VALUES ('158', '若某计算机采用8位整数补码表示数据，则运算______将产生溢出。', '-126', '-128', '127+1', '127-1', '3', '2', '本题考查计算机中的数据表示和运算基础知识。采用8位补码表示整型数据时，可表示的数据范围为-128～127，因此进行127+1运算会产生溢出。', '9');
INSERT INTO `question` VALUES ('159', '若内存容量为4GB，字长为32，则______。', '地址总线和数据总线的宽度都为32', '地址总线的宽度为30，数据总线的宽度为32', '地址总线的宽度为30，数据总线的宽度为8', '地址总线的宽度为32，数据总线的宽度为8', '1', '3', '本题考查计算机系统的总线基础知识。内存容量为4GB，即内存单元的地址宽度为32位。字长为32位即要求数据总线的宽度为32位，因此地址总线和数据总线的宽度都为32。', '9');
INSERT INTO `question` VALUES ('160', '设用2K×4位的存储器芯片组成16K×8位的存储器(地址单元为0000H～3FFFH，每个芯片的地址空间连续)，则地址单元0B1FH所在芯片的最小地址编号为______。 ', '0000H', '0800H', '2000H', '2800', '2', '1', '本题考查计算机系统中存储部件的基础知识。由2K×4位的存储器芯片组成容量为16K×8位的存储器时，共需要16片(16K×8/(2K×4))。用2个存储器芯片组成2K×8的存储空间(每个芯片的地址空间连续)，16K×8位的存储空间共分为8段，即0000H～07FFH，0800H～0FFFH，1000H～17FFH，1800H～1FFFH，2000H～27FFH，2800H～2FFFH，3000H～37FFH，3800H～3FFFH。显然，地址单元0B1FH所在芯片的起始地址为0800H。', '10');
INSERT INTO `question` VALUES ('161', '编写汇编语言程序时，下列寄存器中程序员可访问的是______。 ', '程序计数器(PC)', '指令寄存器(IR)', '存储器数据寄存器(MDR)', '存储器地址寄存器(MAR)', '1', '2', '本题考查CPU中相关寄存器的基础知识。指令寄存器(IR)用于暂存从内存取出的、正在运行的指令，这是由系统使用的寄存器，程序员不能访问。存储器数据寄存器(MDR)和存储器地址寄存器(MAR)用于对内存单元访问时的数据和地址暂存，也是由系统使用的，程序员不能访问。程序计数器(PC)用于存储指令的地址，CPU根据该寄存器的内容从内存读取待执行的指令，程序员可以访问该寄存器。', '10');
INSERT INTO `question` VALUES ('162', '正常情况下，操作系统对保存有大量有用数据的硬盘进行______操作时，不会清除有用数据。 ', '磁盘分区和格式化', '磁盘格式化和碎片整理', '磁盘清理和碎片整理', '磁盘分区和磁盘清理', '3', '1', '本题考查计算机系统的基础知识。磁盘格式化是指把一张空白的盘划分成一个个小区域并编号，以供计算机储存和读取数据。格式化是一种纯物理操作，是在磁盘的所有数据区上写零的操作过程，同时对硬盘介质做一致性检测，并且标记出不可读和坏的扇区。由于大部分硬盘在出厂时已经格式化过，所以只有在硬盘介质产生错误时才需要进行格式化。磁盘分区就是将磁盘划分成一块块的存储区域。在传统的磁盘管理中，将一个硬盘分为两大类分区：主分区和扩展分区。主分区是能够安装操作系统、能够进行计算机启动的分区，这样的分区可以直接格式化，然后安装系统，直接存放文件。', '10');
INSERT INTO `question` VALUES ('163', '如果使用大量的连接请求攻击计算机，使得所有可用的系统资源都被消耗殆尽，最终计算机无法再处理合法用户的请求，这种手段属于______攻击。 ', '拒绝服务', '口令入侵', '网络监听', 'IP欺骗', '1', '2', '本题考查网络安全中网络攻击的基础知识。网络攻击的主要手段包括口令入侵、放置特洛伊木马程序、拒绝服务(DoS)攻击、端口扫描、网络监听、欺骗攻击和电子邮件攻击等。口令入侵是指使用某些合法用户的账号和口令登录到目的主机，然后再实施攻击活动。特洛伊木马(Trojans)程序常被伪装成工具程序或游戏，一旦用户打开了带有特洛伊木马程序的邮件附件或从网上直接下载，或执行了这些程序之后，当用户连接到互联网上时，这个程序就会向黑客通知用户的IP地址及被预先设定的端口。', '11');
INSERT INTO `question` VALUES ('164', 'ARP攻击造成网络无法跨网段通信的原因是______。 ', '发送大量ARP报文造成网络拥塞', '伪造网关ARP报文使得数据包无法发送到网关', 'ARP攻击破坏了网络的物理连通性', 'ARP攻击破坏了网关设备', '2', '3', '本题考查网络攻击中ARP攻击的原理。ARP攻击(ARP欺骗)是欺骗攻击的一种，通过伪造IP地址和MAC地址，能够在网络中产生大量的ARP通信量使网络阻塞，如果伪造网关的IP地址和MAC地址对，则所有发往网关的IP包将因为MAC地址错误而无法到达网关(ARP攻击一般会将MAC地址改为发起ARP攻击的主机地址)，造成无法跨网段通信。处理ARP攻击的方法为首先断开ARP攻击主机的网络连接，然后用“arp-d”命令清除受攻击影响的ARP缓存。', '11');
INSERT INTO `question` VALUES ('165', '下列选项中，防范网络监听最有效的方法是______。 ', '安装防火墙', '采用无线网络传输', '数据加密', '漏洞扫描', '3', '1', '本题考查网络攻击中网络监听的基础知识。网络监听是主机的一种工作模式，在这种模式下，主机可以接收到本网段在同一条物理通道上传输的所有信息。使用网络监听工具可轻而易举地截取包括口令和账号在内的信息资料。采用数据加密的方式保护包括口令和账号在内的信息资料，使得即使网络监听获取密文后也无法解密成明文，是对付网络监听的有效手段。', '11');
INSERT INTO `question` VALUES ('166', '软件商标权的权利人是指______。', '软件商标设计人', '软件商标制作人', '软件商标使用人', '软件注册商标所有人', '4', '2', '本题考查知识产权方面的基础知识，涉及软件商标权主体资格的相关概念。在我国，商标权是指注册商标专用权，只有依法进行商标注册后，商标注册人才能取得商标权，其商标才能得到法律的保护。商标权不包括商标设计人的权利，主要注重商标所有人的权利，即注册商标所有人具有其商标的专用权。商标设计人的发表权、署名权等人身权在商标的使用中没有反映，所以不受商标法保护。商标设计人可以通过其他法律来保护属于自己的权利，如可以将商标设计图案作为美术作品通过著作权法来保护；与产品外观关系密切的商标图案还可以申请外观设计专利通过专利法加以保护。软件商标制作人、软件商标使用人均未涉及软件注册商标，所以均不能成为软件商标权的权利人。', '12');
INSERT INTO `question` VALUES ('167', '在输入输出控制方法中，采用______可以使得设备与主存间的数据块传送无需CPU干预。', '程序控制输入输出', '中断', 'DMA', '总线控制', '3', '1', '本题考查CPU中相关寄存器的基础知识。计算机中主机与外设间进行数据传输的输入输出控制方法有程序控制方式、中断方式、DMA等。在程序控制方式下，由CPU执行程序控制数据的输入输出过程。在中断方式下，外设准备好输入数据或接收数据时向CPU发出中断请求信号，若CPU决定响应该请求，则暂停正在执行的任务，转而执行中断服务程序进行数据的输入输出处理，之后再回去执行原来被中断的任务。在DMA方式下，CPU只需向DMA控制器下达指令，让DMA控制器来处理数据的传送，数据传送完毕再把信息反馈给CPU，这样就很大程度上减轻了CPU的负担，可以大大节省系统资源。', '12');
INSERT INTO `question` VALUES ('168', '若某计算机采用8位整数补码表示数据，则运算______将产生溢出。', '-126', '-128', '127+1', '127-1', '3', '2', '本题考查计算机中的数据表示和运算基础知识。采用8位补码表示整型数据时，可表示的数据范围为-128～127，因此进行127+1运算会产生溢出。', '12');
INSERT INTO `question` VALUES ('169', '若内存容量为4GB，字长为32，则______。', '地址总线和数据总线的宽度都为32', '地址总线的宽度为30，数据总线的宽度为32', '地址总线的宽度为30，数据总线的宽度为8', '地址总线的宽度为32，数据总线的宽度为8', '1', '3', '本题考查计算机系统的总线基础知识。内存容量为4GB，即内存单元的地址宽度为32位。字长为32位即要求数据总线的宽度为32位，因此地址总线和数据总线的宽度都为32。', '13');
INSERT INTO `question` VALUES ('170', '设用2K×4位的存储器芯片组成16K×8位的存储器(地址单元为0000H～3FFFH，每个芯片的地址空间连续)，则地址单元0B1FH所在芯片的最小地址编号为______。 ', '0000H', '0800H', '2000H', '2800', '2', '1', '本题考查计算机系统中存储部件的基础知识。由2K×4位的存储器芯片组成容量为16K×8位的存储器时，共需要16片(16K×8/(2K×4))。用2个存储器芯片组成2K×8的存储空间(每个芯片的地址空间连续)，16K×8位的存储空间共分为8段，即0000H～07FFH，0800H～0FFFH，1000H～17FFH，1800H～1FFFH，2000H～27FFH，2800H～2FFFH，3000H～37FFH，3800H～3FFFH。显然，地址单元0B1FH所在芯片的起始地址为0800H。', '13');
INSERT INTO `question` VALUES ('171', '编写汇编语言程序时，下列寄存器中程序员可访问的是______。 ', '程序计数器(PC)', '指令寄存器(IR)', '存储器数据寄存器(MDR)', '存储器地址寄存器(MAR)', '1', '2', '本题考查CPU中相关寄存器的基础知识。指令寄存器(IR)用于暂存从内存取出的、正在运行的指令，这是由系统使用的寄存器，程序员不能访问。存储器数据寄存器(MDR)和存储器地址寄存器(MAR)用于对内存单元访问时的数据和地址暂存，也是由系统使用的，程序员不能访问。程序计数器(PC)用于存储指令的地址，CPU根据该寄存器的内容从内存读取待执行的指令，程序员可以访问该寄存器。', '13');
INSERT INTO `question` VALUES ('172', '正常情况下，操作系统对保存有大量有用数据的硬盘进行______操作时，不会清除有用数据。 ', '磁盘分区和格式化', '磁盘格式化和碎片整理', '磁盘清理和碎片整理', '磁盘分区和磁盘清理', '3', '1', '本题考查计算机系统的基础知识。磁盘格式化是指把一张空白的盘划分成一个个小区域并编号，以供计算机储存和读取数据。格式化是一种纯物理操作，是在磁盘的所有数据区上写零的操作过程，同时对硬盘介质做一致性检测，并且标记出不可读和坏的扇区。由于大部分硬盘在出厂时已经格式化过，所以只有在硬盘介质产生错误时才需要进行格式化。磁盘分区就是将磁盘划分成一块块的存储区域。在传统的磁盘管理中，将一个硬盘分为两大类分区：主分区和扩展分区。主分区是能够安装操作系统、能够进行计算机启动的分区，这样的分区可以直接格式化，然后安装系统，直接存放文件。', '14');
INSERT INTO `question` VALUES ('173', '如果使用大量的连接请求攻击计算机，使得所有可用的系统资源都被消耗殆尽，最终计算机无法再处理合法用户的请求，这种手段属于______攻击。 ', '拒绝服务', '口令入侵', '网络监听', 'IP欺骗', '1', '2', '本题考查网络安全中网络攻击的基础知识。网络攻击的主要手段包括口令入侵、放置特洛伊木马程序、拒绝服务(DoS)攻击、端口扫描、网络监听、欺骗攻击和电子邮件攻击等。口令入侵是指使用某些合法用户的账号和口令登录到目的主机，然后再实施攻击活动。特洛伊木马(Trojans)程序常被伪装成工具程序或游戏，一旦用户打开了带有特洛伊木马程序的邮件附件或从网上直接下载，或执行了这些程序之后，当用户连接到互联网上时，这个程序就会向黑客通知用户的IP地址及被预先设定的端口。', '14');
INSERT INTO `question` VALUES ('174', 'ARP攻击造成网络无法跨网段通信的原因是______。 ', '发送大量ARP报文造成网络拥塞', '伪造网关ARP报文使得数据包无法发送到网关', 'ARP攻击破坏了网络的物理连通性', 'ARP攻击破坏了网关设备', '2', '3', '本题考查网络攻击中ARP攻击的原理。ARP攻击(ARP欺骗)是欺骗攻击的一种，通过伪造IP地址和MAC地址，能够在网络中产生大量的ARP通信量使网络阻塞，如果伪造网关的IP地址和MAC地址对，则所有发往网关的IP包将因为MAC地址错误而无法到达网关(ARP攻击一般会将MAC地址改为发起ARP攻击的主机地址)，造成无法跨网段通信。处理ARP攻击的方法为首先断开ARP攻击主机的网络连接，然后用“arp-d”命令清除受攻击影响的ARP缓存。', '14');

DROP TABLE IF EXISTS `user`;
CREATE TABLE `user` (
  `id` int(11) NOT NULL AUTO_INCREMENT,
  `username` varchar(20) DEFAULT NULL,
  `password` varchar(50) DEFAULT NULL,
  `email` varchar(20) DEFAULT NULL COMMENT '邮箱',
  `intro` varchar(512) DEFAULT NULL COMMENT '简介',
  `total` int(11) DEFAULT '0' COMMENT '积分',
  PRIMARY KEY (`id`)
) ENGINE=InnoDB AUTO_INCREMENT=10 DEFAULT CHARSET=utf8;

INSERT INTO `user` VALUES ('1', 'user1', '1', 'user1@qq.com', 'a poor programmer', '1024');
INSERT INTO `user` VALUES ('2', 'user2', '2', 'user2@qq.com', 'a poor programmer', '1000');
INSERT INTO `user` VALUES ('3', 'user3', '3', 'user3@qq.com', 'a poor programmer', '918');
INSERT INTO `user` VALUES ('4', 'user4', '4', 'user4@qq.com', 'a poor programmer', '678');
INSERT INTO `user` VALUES ('5', 'user5', '5', 'user5@qq.com', 'a poor programmer', '512');
INSERT INTO `user` VALUES ('6', 'user6', '6', 'user6@qq.com', 'a poor programmer', '468');
INSERT INTO `user` VALUES ('7', 'user7', '7', 'user7@qq.com', 'a poor programmer', '256');
INSERT INTO `user` VALUES ('8', 'user8', '8', 'user8@qq.com', 'a poor programmer', '128');
INSERT INTO `user` VALUES ('9', 'user9', '9', 'user9@qq.com', 'a poor programmer', '64');
